Period,Scenario,LoadLevel,Unit,Component,Date,MW
period1,sc01,t0001,BESS_01,vEleReserveCons_Up_SR,2024-09-16 12:29:00,0.0
period1,sc01,t0001,BESS_01,vEleReserveCons_Up_TR,2024-09-16 12:29:00,0.0
period1,sc01,t0001,BESS_01,vEleReserveCons_Down_SR,2024-09-16 12:29:00,0.0
period1,sc01,t0001,BESS_01,vEleReserveCons_Down_TR,2024-09-16 12:29:00,0.0
period1,sc01,t0001,BESS_01,vEleReserveProd_Up_SR,2024-09-16 12:29:00,0.0
period1,sc01,t0001,BESS_01,vEleReserveProd_Up_TR,2024-09-16 12:29:00,0.0
period1,sc01,t0001,BESS_01,vEleReserveProd_Down_SR,2024-09-16 12:29:00,0.0
period1,sc01,t0001,BESS_01,vEleReserveProd_Down_TR,2024-09-16 12:29:00,0.0
period1,sc01,t0002,BESS_01,vEleReserveCons_Up_SR,2024-09-16 13:29:00,0.0
period1,sc01,t0002,BESS_01,vEleReserveCons_Up_TR,2024-09-16 13:29:00,0.0
period1,sc01,t0002,BESS_01,vEleReserveCons_Down_SR,2024-09-16 13:29:00,0.0
period1,sc01,t0002,BESS_01,vEleReserveCons_Down_TR,2024-09-16 13:29:00,0.0
period1,sc01,t0002,BESS_01,vEleReserveProd_Up_SR,2024-09-16 13:29:00,0.0
period1,sc01,t0002,BESS_01,vEleReserveProd_Up_TR,2024-09-16 13:29:00,0.0
period1,sc01,t0002,BESS_01,vEleReserveProd_Down_SR,2024-09-16 13:29:00,0.0
period1,sc01,t0002,BESS_01,vEleReserveProd_Down_TR,2024-09-16 13:29:00,0.0
period1,sc01,t0003,BESS_01,vEleReserveCons_Up_SR,2024-09-16 14:29:00,0.0
period1,sc01,t0003,BESS_01,vEleReserveCons_Up_TR,2024-09-16 14:29:00,0.0
period1,sc01,t0003,BESS_01,vEleReserveCons_Down_SR,2024-09-16 14:29:00,0.0
period1,sc01,t0003,BESS_01,vEleReserveCons_Down_TR,2024-09-16 14:29:00,0.0
period1,sc01,t0003,BESS_01,vEleReserveProd_Up_SR,2024-09-16 14:29:00,0.0
period1,sc01,t0003,BESS_01,vEleReserveProd_Up_TR,2024-09-16 14:29:00,0.0
period1,sc01,t0003,BESS_01,vEleReserveProd_Down_SR,2024-09-16 14:29:00,0.0
period1,sc01,t0003,BESS_01,vEleReserveProd_Down_TR,2024-09-16 14:29:00,0.0
period1,sc01,t0004,BESS_01,vEleReserveCons_Up_SR,2024-09-16 15:29:00,0.0
period1,sc01,t0004,BESS_01,vEleReserveCons_Up_TR,2024-09-16 15:29:00,0.0
period1,sc01,t0004,BESS_01,vEleReserveCons_Down_SR,2024-09-16 15:29:00,0.0
period1,sc01,t0004,BESS_01,vEleReserveCons_Down_TR,2024-09-16 15:29:00,0.0
period1,sc01,t0004,BESS_01,vEleReserveProd_Up_SR,2024-09-16 15:29:00,0.0
period1,sc01,t0004,BESS_01,vEleReserveProd_Up_TR,2024-09-16 15:29:00,0.0
period1,sc01,t0004,BESS_01,vEleReserveProd_Down_SR,2024-09-16 15:29:00,0.0
period1,sc01,t0004,BESS_01,vEleReserveProd_Down_TR,2024-09-16 15:29:00,0.0
period1,sc01,t0005,BESS_01,vEleReserveCons_Up_SR,2024-09-16 16:29:00,0.0
period1,sc01,t0005,BESS_01,vEleReserveCons_Up_TR,2024-09-16 16:29:00,0.0
period1,sc01,t0005,BESS_01,vEleReserveCons_Down_SR,2024-09-16 16:29:00,0.0
period1,sc01,t0005,BESS_01,vEleReserveCons_Down_TR,2024-09-16 16:29:00,0.0
period1,sc01,t0005,BESS_01,vEleReserveProd_Up_SR,2024-09-16 16:29:00,0.0
period1,sc01,t0005,BESS_01,vEleReserveProd_Up_TR,2024-09-16 16:29:00,0.0
period1,sc01,t0005,BESS_01,vEleReserveProd_Down_SR,2024-09-16 16:29:00,0.0
period1,sc01,t0005,BESS_01,vEleReserveProd_Down_TR,2024-09-16 16:29:00,0.0
period1,sc01,t0006,BESS_01,vEleReserveCons_Up_SR,2024-09-16 17:29:00,0.0
period1,sc01,t0006,BESS_01,vEleReserveCons_Up_TR,2024-09-16 17:29:00,0.0
period1,sc01,t0006,BESS_01,vEleReserveCons_Down_SR,2024-09-16 17:29:00,0.0
period1,sc01,t0006,BESS_01,vEleReserveCons_Down_TR,2024-09-16 17:29:00,0.0
period1,sc01,t0006,BESS_01,vEleReserveProd_Up_SR,2024-09-16 17:29:00,0.0
period1,sc01,t0006,BESS_01,vEleReserveProd_Up_TR,2024-09-16 17:29:00,0.0
period1,sc01,t0006,BESS_01,vEleReserveProd_Down_SR,2024-09-16 17:29:00,0.0
period1,sc01,t0006,BESS_01,vEleReserveProd_Down_TR,2024-09-16 17:29:00,0.0
period1,sc01,t0007,BESS_01,vEleReserveCons_Up_SR,2024-09-16 18:29:00,0.0
period1,sc01,t0007,BESS_01,vEleReserveCons_Up_TR,2024-09-16 18:29:00,0.0
period1,sc01,t0007,BESS_01,vEleReserveCons_Down_SR,2024-09-16 18:29:00,0.0
period1,sc01,t0007,BESS_01,vEleReserveCons_Down_TR,2024-09-16 18:29:00,0.0
period1,sc01,t0007,BESS_01,vEleReserveProd_Up_SR,2024-09-16 18:29:00,0.0
period1,sc01,t0007,BESS_01,vEleReserveProd_Up_TR,2024-09-16 18:29:00,0.0
period1,sc01,t0007,BESS_01,vEleReserveProd_Down_SR,2024-09-16 18:29:00,0.0
period1,sc01,t0007,BESS_01,vEleReserveProd_Down_TR,2024-09-16 18:29:00,0.0
period1,sc01,t0008,BESS_01,vEleReserveCons_Up_SR,2024-09-16 19:29:00,0.0
period1,sc01,t0008,BESS_01,vEleReserveCons_Up_TR,2024-09-16 19:29:00,0.0
period1,sc01,t0008,BESS_01,vEleReserveCons_Down_SR,2024-09-16 19:29:00,0.0
period1,sc01,t0008,BESS_01,vEleReserveCons_Down_TR,2024-09-16 19:29:00,0.0
period1,sc01,t0008,BESS_01,vEleReserveProd_Up_SR,2024-09-16 19:29:00,0.0
period1,sc01,t0008,BESS_01,vEleReserveProd_Up_TR,2024-09-16 19:29:00,0.0
period1,sc01,t0008,BESS_01,vEleReserveProd_Down_SR,2024-09-16 19:29:00,0.0
period1,sc01,t0008,BESS_01,vEleReserveProd_Down_TR,2024-09-16 19:29:00,0.0
period1,sc01,t0009,BESS_01,vEleReserveCons_Up_SR,2024-09-16 20:29:00,0.0
period1,sc01,t0009,BESS_01,vEleReserveCons_Up_TR,2024-09-16 20:29:00,0.0
period1,sc01,t0009,BESS_01,vEleReserveCons_Down_SR,2024-09-16 20:29:00,0.0
period1,sc01,t0009,BESS_01,vEleReserveCons_Down_TR,2024-09-16 20:29:00,0.0
period1,sc01,t0009,BESS_01,vEleReserveProd_Up_SR,2024-09-16 20:29:00,0.0
period1,sc01,t0009,BESS_01,vEleReserveProd_Up_TR,2024-09-16 20:29:00,0.0
period1,sc01,t0009,BESS_01,vEleReserveProd_Down_SR,2024-09-16 20:29:00,0.0
period1,sc01,t0009,BESS_01,vEleReserveProd_Down_TR,2024-09-16 20:29:00,0.0
period1,sc01,t0010,BESS_01,vEleReserveCons_Up_SR,2024-09-16 21:29:00,0.0
period1,sc01,t0010,BESS_01,vEleReserveCons_Up_TR,2024-09-16 21:29:00,0.0
period1,sc01,t0010,BESS_01,vEleReserveCons_Down_SR,2024-09-16 21:29:00,0.0
period1,sc01,t0010,BESS_01,vEleReserveCons_Down_TR,2024-09-16 21:29:00,0.0
period1,sc01,t0010,BESS_01,vEleReserveProd_Up_SR,2024-09-16 21:29:00,0.0
period1,sc01,t0010,BESS_01,vEleReserveProd_Up_TR,2024-09-16 21:29:00,0.0
period1,sc01,t0010,BESS_01,vEleReserveProd_Down_SR,2024-09-16 21:29:00,0.0
period1,sc01,t0010,BESS_01,vEleReserveProd_Down_TR,2024-09-16 21:29:00,0.0
period1,sc01,t0011,BESS_01,vEleReserveCons_Up_SR,2024-09-16 22:29:00,0.0
period1,sc01,t0011,BESS_01,vEleReserveCons_Up_TR,2024-09-16 22:29:00,0.0
period1,sc01,t0011,BESS_01,vEleReserveCons_Down_SR,2024-09-16 22:29:00,0.0
period1,sc01,t0011,BESS_01,vEleReserveCons_Down_TR,2024-09-16 22:29:00,0.0
period1,sc01,t0011,BESS_01,vEleReserveProd_Up_SR,2024-09-16 22:29:00,0.0
period1,sc01,t0011,BESS_01,vEleReserveProd_Up_TR,2024-09-16 22:29:00,0.0
period1,sc01,t0011,BESS_01,vEleReserveProd_Down_SR,2024-09-16 22:29:00,0.0
period1,sc01,t0011,BESS_01,vEleReserveProd_Down_TR,2024-09-16 22:29:00,0.0
period1,sc01,t0012,BESS_01,vEleReserveCons_Up_SR,2024-09-16 23:29:00,0.0
period1,sc01,t0012,BESS_01,vEleReserveCons_Up_TR,2024-09-16 23:29:00,0.0
period1,sc01,t0012,BESS_01,vEleReserveCons_Down_SR,2024-09-16 23:29:00,0.0
period1,sc01,t0012,BESS_01,vEleReserveCons_Down_TR,2024-09-16 23:29:00,0.0
period1,sc01,t0012,BESS_01,vEleReserveProd_Up_SR,2024-09-16 23:29:00,0.0
period1,sc01,t0012,BESS_01,vEleReserveProd_Up_TR,2024-09-16 23:29:00,0.0
period1,sc01,t0012,BESS_01,vEleReserveProd_Down_SR,2024-09-16 23:29:00,0.0
period1,sc01,t0012,BESS_01,vEleReserveProd_Down_TR,2024-09-16 23:29:00,0.0
period1,sc01,t0013,BESS_01,vEleReserveCons_Up_SR,2024-09-17 00:29:00,0.0
period1,sc01,t0013,BESS_01,vEleReserveCons_Up_TR,2024-09-17 00:29:00,0.0
period1,sc01,t0013,BESS_01,vEleReserveCons_Down_SR,2024-09-17 00:29:00,0.0
period1,sc01,t0013,BESS_01,vEleReserveCons_Down_TR,2024-09-17 00:29:00,0.0
period1,sc01,t0013,BESS_01,vEleReserveProd_Up_SR,2024-09-17 00:29:00,0.0
period1,sc01,t0013,BESS_01,vEleReserveProd_Up_TR,2024-09-17 00:29:00,0.0
period1,sc01,t0013,BESS_01,vEleReserveProd_Down_SR,2024-09-17 00:29:00,0.0
period1,sc01,t0013,BESS_01,vEleReserveProd_Down_TR,2024-09-17 00:29:00,0.0
period1,sc01,t0014,BESS_01,vEleReserveCons_Up_SR,2024-09-17 01:29:00,0.0
period1,sc01,t0014,BESS_01,vEleReserveCons_Up_TR,2024-09-17 01:29:00,0.0
period1,sc01,t0014,BESS_01,vEleReserveCons_Down_SR,2024-09-17 01:29:00,0.0
period1,sc01,t0014,BESS_01,vEleReserveCons_Down_TR,2024-09-17 01:29:00,0.0
period1,sc01,t0014,BESS_01,vEleReserveProd_Up_SR,2024-09-17 01:29:00,0.0
period1,sc01,t0014,BESS_01,vEleReserveProd_Up_TR,2024-09-17 01:29:00,0.0
period1,sc01,t0014,BESS_01,vEleReserveProd_Down_SR,2024-09-17 01:29:00,0.0
period1,sc01,t0014,BESS_01,vEleReserveProd_Down_TR,2024-09-17 01:29:00,0.0
period1,sc01,t0015,BESS_01,vEleReserveCons_Up_SR,2024-09-17 02:29:00,0.0
period1,sc01,t0015,BESS_01,vEleReserveCons_Up_TR,2024-09-17 02:29:00,0.0
period1,sc01,t0015,BESS_01,vEleReserveCons_Down_SR,2024-09-17 02:29:00,0.0
period1,sc01,t0015,BESS_01,vEleReserveCons_Down_TR,2024-09-17 02:29:00,0.0
period1,sc01,t0015,BESS_01,vEleReserveProd_Up_SR,2024-09-17 02:29:00,0.0
period1,sc01,t0015,BESS_01,vEleReserveProd_Up_TR,2024-09-17 02:29:00,0.0
period1,sc01,t0015,BESS_01,vEleReserveProd_Down_SR,2024-09-17 02:29:00,0.0
period1,sc01,t0015,BESS_01,vEleReserveProd_Down_TR,2024-09-17 02:29:00,0.0
period1,sc01,t0016,BESS_01,vEleReserveCons_Up_SR,2024-09-17 03:29:00,0.0
period1,sc01,t0016,BESS_01,vEleReserveCons_Up_TR,2024-09-17 03:29:00,0.0
period1,sc01,t0016,BESS_01,vEleReserveCons_Down_SR,2024-09-17 03:29:00,0.0
period1,sc01,t0016,BESS_01,vEleReserveCons_Down_TR,2024-09-17 03:29:00,0.0
period1,sc01,t0016,BESS_01,vEleReserveProd_Up_SR,2024-09-17 03:29:00,0.0
period1,sc01,t0016,BESS_01,vEleReserveProd_Up_TR,2024-09-17 03:29:00,0.0
period1,sc01,t0016,BESS_01,vEleReserveProd_Down_SR,2024-09-17 03:29:00,0.0
period1,sc01,t0016,BESS_01,vEleReserveProd_Down_TR,2024-09-17 03:29:00,0.0
period1,sc01,t0017,BESS_01,vEleReserveCons_Up_SR,2024-09-17 04:29:00,0.0
period1,sc01,t0017,BESS_01,vEleReserveCons_Up_TR,2024-09-17 04:29:00,0.0
period1,sc01,t0017,BESS_01,vEleReserveCons_Down_SR,2024-09-17 04:29:00,0.0
period1,sc01,t0017,BESS_01,vEleReserveCons_Down_TR,2024-09-17 04:29:00,0.0
period1,sc01,t0017,BESS_01,vEleReserveProd_Up_SR,2024-09-17 04:29:00,0.0
period1,sc01,t0017,BESS_01,vEleReserveProd_Up_TR,2024-09-17 04:29:00,0.0
period1,sc01,t0017,BESS_01,vEleReserveProd_Down_SR,2024-09-17 04:29:00,0.0
period1,sc01,t0017,BESS_01,vEleReserveProd_Down_TR,2024-09-17 04:29:00,0.0
period1,sc01,t0018,BESS_01,vEleReserveCons_Up_SR,2024-09-17 05:29:00,0.0
period1,sc01,t0018,BESS_01,vEleReserveCons_Up_TR,2024-09-17 05:29:00,0.0
period1,sc01,t0018,BESS_01,vEleReserveCons_Down_SR,2024-09-17 05:29:00,0.0
period1,sc01,t0018,BESS_01,vEleReserveCons_Down_TR,2024-09-17 05:29:00,0.0
period1,sc01,t0018,BESS_01,vEleReserveProd_Up_SR,2024-09-17 05:29:00,0.0
period1,sc01,t0018,BESS_01,vEleReserveProd_Up_TR,2024-09-17 05:29:00,0.0
period1,sc01,t0018,BESS_01,vEleReserveProd_Down_SR,2024-09-17 05:29:00,0.0
period1,sc01,t0018,BESS_01,vEleReserveProd_Down_TR,2024-09-17 05:29:00,0.0
period1,sc01,t0019,BESS_01,vEleReserveCons_Up_SR,2024-09-17 06:29:00,0.0
period1,sc01,t0019,BESS_01,vEleReserveCons_Up_TR,2024-09-17 06:29:00,0.0
period1,sc01,t0019,BESS_01,vEleReserveCons_Down_SR,2024-09-17 06:29:00,0.0
period1,sc01,t0019,BESS_01,vEleReserveCons_Down_TR,2024-09-17 06:29:00,0.0
period1,sc01,t0019,BESS_01,vEleReserveProd_Up_SR,2024-09-17 06:29:00,0.0
period1,sc01,t0019,BESS_01,vEleReserveProd_Up_TR,2024-09-17 06:29:00,0.0
period1,sc01,t0019,BESS_01,vEleReserveProd_Down_SR,2024-09-17 06:29:00,0.0
period1,sc01,t0019,BESS_01,vEleReserveProd_Down_TR,2024-09-17 06:29:00,0.0
period1,sc01,t0020,BESS_01,vEleReserveCons_Up_SR,2024-09-17 07:29:00,0.0
period1,sc01,t0020,BESS_01,vEleReserveCons_Up_TR,2024-09-17 07:29:00,0.0
period1,sc01,t0020,BESS_01,vEleReserveCons_Down_SR,2024-09-17 07:29:00,0.0
period1,sc01,t0020,BESS_01,vEleReserveCons_Down_TR,2024-09-17 07:29:00,0.0
period1,sc01,t0020,BESS_01,vEleReserveProd_Up_SR,2024-09-17 07:29:00,0.0
period1,sc01,t0020,BESS_01,vEleReserveProd_Up_TR,2024-09-17 07:29:00,0.0
period1,sc01,t0020,BESS_01,vEleReserveProd_Down_SR,2024-09-17 07:29:00,0.0
period1,sc01,t0020,BESS_01,vEleReserveProd_Down_TR,2024-09-17 07:29:00,0.0
period1,sc01,t0021,BESS_01,vEleReserveCons_Up_SR,2024-09-17 08:29:00,0.0
period1,sc01,t0021,BESS_01,vEleReserveCons_Up_TR,2024-09-17 08:29:00,0.0
period1,sc01,t0021,BESS_01,vEleReserveCons_Down_SR,2024-09-17 08:29:00,0.0
period1,sc01,t0021,BESS_01,vEleReserveCons_Down_TR,2024-09-17 08:29:00,0.0
period1,sc01,t0021,BESS_01,vEleReserveProd_Up_SR,2024-09-17 08:29:00,0.0
period1,sc01,t0021,BESS_01,vEleReserveProd_Up_TR,2024-09-17 08:29:00,0.0
period1,sc01,t0021,BESS_01,vEleReserveProd_Down_SR,2024-09-17 08:29:00,0.0
period1,sc01,t0021,BESS_01,vEleReserveProd_Down_TR,2024-09-17 08:29:00,0.0
period1,sc01,t0022,BESS_01,vEleReserveCons_Up_SR,2024-09-17 09:29:00,0.0
period1,sc01,t0022,BESS_01,vEleReserveCons_Up_TR,2024-09-17 09:29:00,0.0
period1,sc01,t0022,BESS_01,vEleReserveCons_Down_SR,2024-09-17 09:29:00,0.0
period1,sc01,t0022,BESS_01,vEleReserveCons_Down_TR,2024-09-17 09:29:00,0.0
period1,sc01,t0022,BESS_01,vEleReserveProd_Up_SR,2024-09-17 09:29:00,0.0
period1,sc01,t0022,BESS_01,vEleReserveProd_Up_TR,2024-09-17 09:29:00,0.0
period1,sc01,t0022,BESS_01,vEleReserveProd_Down_SR,2024-09-17 09:29:00,0.0
period1,sc01,t0022,BESS_01,vEleReserveProd_Down_TR,2024-09-17 09:29:00,0.0
period1,sc01,t0023,BESS_01,vEleReserveCons_Up_SR,2024-09-17 10:29:00,0.0
period1,sc01,t0023,BESS_01,vEleReserveCons_Up_TR,2024-09-17 10:29:00,0.0
period1,sc01,t0023,BESS_01,vEleReserveCons_Down_SR,2024-09-17 10:29:00,0.0
period1,sc01,t0023,BESS_01,vEleReserveCons_Down_TR,2024-09-17 10:29:00,0.0
period1,sc01,t0023,BESS_01,vEleReserveProd_Up_SR,2024-09-17 10:29:00,0.0
period1,sc01,t0023,BESS_01,vEleReserveProd_Up_TR,2024-09-17 10:29:00,0.0
period1,sc01,t0023,BESS_01,vEleReserveProd_Down_SR,2024-09-17 10:29:00,0.0
period1,sc01,t0023,BESS_01,vEleReserveProd_Down_TR,2024-09-17 10:29:00,0.0
period1,sc01,t0024,BESS_01,vEleReserveCons_Up_SR,2024-09-17 11:29:00,0.0
period1,sc01,t0024,BESS_01,vEleReserveCons_Up_TR,2024-09-17 11:29:00,0.0
period1,sc01,t0024,BESS_01,vEleReserveCons_Down_SR,2024-09-17 11:29:00,0.0
period1,sc01,t0024,BESS_01,vEleReserveCons_Down_TR,2024-09-17 11:29:00,0.0
period1,sc01,t0024,BESS_01,vEleReserveProd_Up_SR,2024-09-17 11:29:00,0.0
period1,sc01,t0024,BESS_01,vEleReserveProd_Up_TR,2024-09-17 11:29:00,0.0
period1,sc01,t0024,BESS_01,vEleReserveProd_Down_SR,2024-09-17 11:29:00,0.0
period1,sc01,t0024,BESS_01,vEleReserveProd_Down_TR,2024-09-17 11:29:00,0.0
period1,sc01,t0025,BESS_01,vEleReserveCons_Up_SR,2024-09-17 12:29:00,0.0
period1,sc01,t0025,BESS_01,vEleReserveCons_Up_TR,2024-09-17 12:29:00,0.0
period1,sc01,t0025,BESS_01,vEleReserveCons_Down_SR,2024-09-17 12:29:00,0.0
period1,sc01,t0025,BESS_01,vEleReserveCons_Down_TR,2024-09-17 12:29:00,0.0
period1,sc01,t0025,BESS_01,vEleReserveProd_Up_SR,2024-09-17 12:29:00,0.0
period1,sc01,t0025,BESS_01,vEleReserveProd_Up_TR,2024-09-17 12:29:00,0.0
period1,sc01,t0025,BESS_01,vEleReserveProd_Down_SR,2024-09-17 12:29:00,0.0
period1,sc01,t0025,BESS_01,vEleReserveProd_Down_TR,2024-09-17 12:29:00,0.0
period1,sc01,t0026,BESS_01,vEleReserveCons_Up_SR,2024-09-17 13:29:00,0.0
period1,sc01,t0026,BESS_01,vEleReserveCons_Up_TR,2024-09-17 13:29:00,0.0
period1,sc01,t0026,BESS_01,vEleReserveCons_Down_SR,2024-09-17 13:29:00,0.0
period1,sc01,t0026,BESS_01,vEleReserveCons_Down_TR,2024-09-17 13:29:00,0.0
period1,sc01,t0026,BESS_01,vEleReserveProd_Up_SR,2024-09-17 13:29:00,0.0
period1,sc01,t0026,BESS_01,vEleReserveProd_Up_TR,2024-09-17 13:29:00,0.0
period1,sc01,t0026,BESS_01,vEleReserveProd_Down_SR,2024-09-17 13:29:00,0.0
period1,sc01,t0026,BESS_01,vEleReserveProd_Down_TR,2024-09-17 13:29:00,0.0
period1,sc01,t0027,BESS_01,vEleReserveCons_Up_SR,2024-09-17 14:29:00,0.0
period1,sc01,t0027,BESS_01,vEleReserveCons_Up_TR,2024-09-17 14:29:00,0.0
period1,sc01,t0027,BESS_01,vEleReserveCons_Down_SR,2024-09-17 14:29:00,0.0
period1,sc01,t0027,BESS_01,vEleReserveCons_Down_TR,2024-09-17 14:29:00,0.0
period1,sc01,t0027,BESS_01,vEleReserveProd_Up_SR,2024-09-17 14:29:00,0.0
period1,sc01,t0027,BESS_01,vEleReserveProd_Up_TR,2024-09-17 14:29:00,0.0
period1,sc01,t0027,BESS_01,vEleReserveProd_Down_SR,2024-09-17 14:29:00,0.0
period1,sc01,t0027,BESS_01,vEleReserveProd_Down_TR,2024-09-17 14:29:00,0.0
period1,sc01,t0028,BESS_01,vEleReserveCons_Up_SR,2024-09-17 15:29:00,0.0
period1,sc01,t0028,BESS_01,vEleReserveCons_Up_TR,2024-09-17 15:29:00,0.0
period1,sc01,t0028,BESS_01,vEleReserveCons_Down_SR,2024-09-17 15:29:00,0.0
period1,sc01,t0028,BESS_01,vEleReserveCons_Down_TR,2024-09-17 15:29:00,0.0
period1,sc01,t0028,BESS_01,vEleReserveProd_Up_SR,2024-09-17 15:29:00,0.0
period1,sc01,t0028,BESS_01,vEleReserveProd_Up_TR,2024-09-17 15:29:00,0.0
period1,sc01,t0028,BESS_01,vEleReserveProd_Down_SR,2024-09-17 15:29:00,0.0
period1,sc01,t0028,BESS_01,vEleReserveProd_Down_TR,2024-09-17 15:29:00,0.0
period1,sc01,t0029,BESS_01,vEleReserveCons_Up_SR,2024-09-17 16:29:00,0.0
period1,sc01,t0029,BESS_01,vEleReserveCons_Up_TR,2024-09-17 16:29:00,0.0
period1,sc01,t0029,BESS_01,vEleReserveCons_Down_SR,2024-09-17 16:29:00,0.0
period1,sc01,t0029,BESS_01,vEleReserveCons_Down_TR,2024-09-17 16:29:00,0.0
period1,sc01,t0029,BESS_01,vEleReserveProd_Up_SR,2024-09-17 16:29:00,0.0
period1,sc01,t0029,BESS_01,vEleReserveProd_Up_TR,2024-09-17 16:29:00,0.0
period1,sc01,t0029,BESS_01,vEleReserveProd_Down_SR,2024-09-17 16:29:00,0.0
period1,sc01,t0029,BESS_01,vEleReserveProd_Down_TR,2024-09-17 16:29:00,0.0
period1,sc01,t0030,BESS_01,vEleReserveCons_Up_SR,2024-09-17 17:29:00,0.0
period1,sc01,t0030,BESS_01,vEleReserveCons_Up_TR,2024-09-17 17:29:00,0.0
period1,sc01,t0030,BESS_01,vEleReserveCons_Down_SR,2024-09-17 17:29:00,0.0
period1,sc01,t0030,BESS_01,vEleReserveCons_Down_TR,2024-09-17 17:29:00,0.0
period1,sc01,t0030,BESS_01,vEleReserveProd_Up_SR,2024-09-17 17:29:00,0.0
period1,sc01,t0030,BESS_01,vEleReserveProd_Up_TR,2024-09-17 17:29:00,0.0
period1,sc01,t0030,BESS_01,vEleReserveProd_Down_SR,2024-09-17 17:29:00,0.0
period1,sc01,t0030,BESS_01,vEleReserveProd_Down_TR,2024-09-17 17:29:00,0.0
period1,sc01,t0031,BESS_01,vEleReserveCons_Up_SR,2024-09-17 18:29:00,0.0
period1,sc01,t0031,BESS_01,vEleReserveCons_Up_TR,2024-09-17 18:29:00,0.0
period1,sc01,t0031,BESS_01,vEleReserveCons_Down_SR,2024-09-17 18:29:00,0.0
period1,sc01,t0031,BESS_01,vEleReserveCons_Down_TR,2024-09-17 18:29:00,0.0
period1,sc01,t0031,BESS_01,vEleReserveProd_Up_SR,2024-09-17 18:29:00,0.0
period1,sc01,t0031,BESS_01,vEleReserveProd_Up_TR,2024-09-17 18:29:00,0.0
period1,sc01,t0031,BESS_01,vEleReserveProd_Down_SR,2024-09-17 18:29:00,0.0
period1,sc01,t0031,BESS_01,vEleReserveProd_Down_TR,2024-09-17 18:29:00,0.0
period1,sc01,t0032,BESS_01,vEleReserveCons_Up_SR,2024-09-17 19:29:00,0.0
period1,sc01,t0032,BESS_01,vEleReserveCons_Up_TR,2024-09-17 19:29:00,0.0
period1,sc01,t0032,BESS_01,vEleReserveCons_Down_SR,2024-09-17 19:29:00,0.0
period1,sc01,t0032,BESS_01,vEleReserveCons_Down_TR,2024-09-17 19:29:00,0.0
period1,sc01,t0032,BESS_01,vEleReserveProd_Up_SR,2024-09-17 19:29:00,0.0
period1,sc01,t0032,BESS_01,vEleReserveProd_Up_TR,2024-09-17 19:29:00,0.0
period1,sc01,t0032,BESS_01,vEleReserveProd_Down_SR,2024-09-17 19:29:00,0.0
period1,sc01,t0032,BESS_01,vEleReserveProd_Down_TR,2024-09-17 19:29:00,0.0
period1,sc01,t0033,BESS_01,vEleReserveCons_Up_SR,2024-09-17 20:29:00,0.0
period1,sc01,t0033,BESS_01,vEleReserveCons_Up_TR,2024-09-17 20:29:00,0.0
period1,sc01,t0033,BESS_01,vEleReserveCons_Down_SR,2024-09-17 20:29:00,0.0
period1,sc01,t0033,BESS_01,vEleReserveCons_Down_TR,2024-09-17 20:29:00,0.0
period1,sc01,t0033,BESS_01,vEleReserveProd_Up_SR,2024-09-17 20:29:00,0.0
period1,sc01,t0033,BESS_01,vEleReserveProd_Up_TR,2024-09-17 20:29:00,0.0
period1,sc01,t0033,BESS_01,vEleReserveProd_Down_SR,2024-09-17 20:29:00,0.0
period1,sc01,t0033,BESS_01,vEleReserveProd_Down_TR,2024-09-17 20:29:00,0.0
period1,sc01,t0034,BESS_01,vEleReserveCons_Up_SR,2024-09-17 21:29:00,0.0
period1,sc01,t0034,BESS_01,vEleReserveCons_Up_TR,2024-09-17 21:29:00,0.0
period1,sc01,t0034,BESS_01,vEleReserveCons_Down_SR,2024-09-17 21:29:00,0.0
period1,sc01,t0034,BESS_01,vEleReserveCons_Down_TR,2024-09-17 21:29:00,0.0
period1,sc01,t0034,BESS_01,vEleReserveProd_Up_SR,2024-09-17 21:29:00,0.0
period1,sc01,t0034,BESS_01,vEleReserveProd_Up_TR,2024-09-17 21:29:00,0.0
period1,sc01,t0034,BESS_01,vEleReserveProd_Down_SR,2024-09-17 21:29:00,0.0
period1,sc01,t0034,BESS_01,vEleReserveProd_Down_TR,2024-09-17 21:29:00,0.0
period1,sc01,t0035,BESS_01,vEleReserveCons_Up_SR,2024-09-17 22:29:00,0.0
period1,sc01,t0035,BESS_01,vEleReserveCons_Up_TR,2024-09-17 22:29:00,0.0
period1,sc01,t0035,BESS_01,vEleReserveCons_Down_SR,2024-09-17 22:29:00,0.0
period1,sc01,t0035,BESS_01,vEleReserveCons_Down_TR,2024-09-17 22:29:00,0.0
period1,sc01,t0035,BESS_01,vEleReserveProd_Up_SR,2024-09-17 22:29:00,0.0
period1,sc01,t0035,BESS_01,vEleReserveProd_Up_TR,2024-09-17 22:29:00,0.0
period1,sc01,t0035,BESS_01,vEleReserveProd_Down_SR,2024-09-17 22:29:00,0.0
period1,sc01,t0035,BESS_01,vEleReserveProd_Down_TR,2024-09-17 22:29:00,0.0
period1,sc01,t0036,BESS_01,vEleReserveCons_Up_SR,2024-09-17 23:29:00,0.0
period1,sc01,t0036,BESS_01,vEleReserveCons_Up_TR,2024-09-17 23:29:00,0.0
period1,sc01,t0036,BESS_01,vEleReserveCons_Down_SR,2024-09-17 23:29:00,0.0
period1,sc01,t0036,BESS_01,vEleReserveCons_Down_TR,2024-09-17 23:29:00,0.0
period1,sc01,t0036,BESS_01,vEleReserveProd_Up_SR,2024-09-17 23:29:00,0.0
period1,sc01,t0036,BESS_01,vEleReserveProd_Up_TR,2024-09-17 23:29:00,0.0
period1,sc01,t0036,BESS_01,vEleReserveProd_Down_SR,2024-09-17 23:29:00,0.0
period1,sc01,t0036,BESS_01,vEleReserveProd_Down_TR,2024-09-17 23:29:00,0.0
period1,sc01,t0037,BESS_01,vEleReserveCons_Up_SR,2024-09-18 00:29:00,0.0
period1,sc01,t0037,BESS_01,vEleReserveCons_Up_TR,2024-09-18 00:29:00,0.0
period1,sc01,t0037,BESS_01,vEleReserveCons_Down_SR,2024-09-18 00:29:00,0.0
period1,sc01,t0037,BESS_01,vEleReserveCons_Down_TR,2024-09-18 00:29:00,0.0
period1,sc01,t0037,BESS_01,vEleReserveProd_Up_SR,2024-09-18 00:29:00,0.0
period1,sc01,t0037,BESS_01,vEleReserveProd_Up_TR,2024-09-18 00:29:00,0.0
period1,sc01,t0037,BESS_01,vEleReserveProd_Down_SR,2024-09-18 00:29:00,0.0
period1,sc01,t0037,BESS_01,vEleReserveProd_Down_TR,2024-09-18 00:29:00,0.0
period1,sc01,t0038,BESS_01,vEleReserveCons_Up_SR,2024-09-18 01:29:00,0.0
period1,sc01,t0038,BESS_01,vEleReserveCons_Up_TR,2024-09-18 01:29:00,0.0
period1,sc01,t0038,BESS_01,vEleReserveCons_Down_SR,2024-09-18 01:29:00,0.0
period1,sc01,t0038,BESS_01,vEleReserveCons_Down_TR,2024-09-18 01:29:00,0.0
period1,sc01,t0038,BESS_01,vEleReserveProd_Up_SR,2024-09-18 01:29:00,0.0
period1,sc01,t0038,BESS_01,vEleReserveProd_Up_TR,2024-09-18 01:29:00,0.0
period1,sc01,t0038,BESS_01,vEleReserveProd_Down_SR,2024-09-18 01:29:00,0.0
period1,sc01,t0038,BESS_01,vEleReserveProd_Down_TR,2024-09-18 01:29:00,0.0
period1,sc01,t0039,BESS_01,vEleReserveCons_Up_SR,2024-09-18 02:29:00,0.0
period1,sc01,t0039,BESS_01,vEleReserveCons_Up_TR,2024-09-18 02:29:00,0.0
period1,sc01,t0039,BESS_01,vEleReserveCons_Down_SR,2024-09-18 02:29:00,0.0
period1,sc01,t0039,BESS_01,vEleReserveCons_Down_TR,2024-09-18 02:29:00,0.0
period1,sc01,t0039,BESS_01,vEleReserveProd_Up_SR,2024-09-18 02:29:00,0.0
period1,sc01,t0039,BESS_01,vEleReserveProd_Up_TR,2024-09-18 02:29:00,0.0
period1,sc01,t0039,BESS_01,vEleReserveProd_Down_SR,2024-09-18 02:29:00,0.0
period1,sc01,t0039,BESS_01,vEleReserveProd_Down_TR,2024-09-18 02:29:00,0.0
period1,sc01,t0040,BESS_01,vEleReserveCons_Up_SR,2024-09-18 03:29:00,0.0
period1,sc01,t0040,BESS_01,vEleReserveCons_Up_TR,2024-09-18 03:29:00,0.0
period1,sc01,t0040,BESS_01,vEleReserveCons_Down_SR,2024-09-18 03:29:00,0.0
period1,sc01,t0040,BESS_01,vEleReserveCons_Down_TR,2024-09-18 03:29:00,0.0
period1,sc01,t0040,BESS_01,vEleReserveProd_Up_SR,2024-09-18 03:29:00,0.0
period1,sc01,t0040,BESS_01,vEleReserveProd_Up_TR,2024-09-18 03:29:00,0.0
period1,sc01,t0040,BESS_01,vEleReserveProd_Down_SR,2024-09-18 03:29:00,0.0
period1,sc01,t0040,BESS_01,vEleReserveProd_Down_TR,2024-09-18 03:29:00,0.0
period1,sc01,t0041,BESS_01,vEleReserveCons_Up_SR,2024-09-18 04:29:00,0.0
period1,sc01,t0041,BESS_01,vEleReserveCons_Up_TR,2024-09-18 04:29:00,0.0
period1,sc01,t0041,BESS_01,vEleReserveCons_Down_SR,2024-09-18 04:29:00,0.0
period1,sc01,t0041,BESS_01,vEleReserveCons_Down_TR,2024-09-18 04:29:00,0.0
period1,sc01,t0041,BESS_01,vEleReserveProd_Up_SR,2024-09-18 04:29:00,0.0
period1,sc01,t0041,BESS_01,vEleReserveProd_Up_TR,2024-09-18 04:29:00,0.0
period1,sc01,t0041,BESS_01,vEleReserveProd_Down_SR,2024-09-18 04:29:00,0.0
period1,sc01,t0041,BESS_01,vEleReserveProd_Down_TR,2024-09-18 04:29:00,0.0
period1,sc01,t0042,BESS_01,vEleReserveCons_Up_SR,2024-09-18 05:29:00,0.0
period1,sc01,t0042,BESS_01,vEleReserveCons_Up_TR,2024-09-18 05:29:00,0.0
period1,sc01,t0042,BESS_01,vEleReserveCons_Down_SR,2024-09-18 05:29:00,0.0
period1,sc01,t0042,BESS_01,vEleReserveCons_Down_TR,2024-09-18 05:29:00,0.0
period1,sc01,t0042,BESS_01,vEleReserveProd_Up_SR,2024-09-18 05:29:00,0.0
period1,sc01,t0042,BESS_01,vEleReserveProd_Up_TR,2024-09-18 05:29:00,0.0
period1,sc01,t0042,BESS_01,vEleReserveProd_Down_SR,2024-09-18 05:29:00,0.0
period1,sc01,t0042,BESS_01,vEleReserveProd_Down_TR,2024-09-18 05:29:00,0.0
period1,sc01,t0043,BESS_01,vEleReserveCons_Up_SR,2024-09-18 06:29:00,0.0
period1,sc01,t0043,BESS_01,vEleReserveCons_Up_TR,2024-09-18 06:29:00,0.0
period1,sc01,t0043,BESS_01,vEleReserveCons_Down_SR,2024-09-18 06:29:00,0.0
period1,sc01,t0043,BESS_01,vEleReserveCons_Down_TR,2024-09-18 06:29:00,0.0
period1,sc01,t0043,BESS_01,vEleReserveProd_Up_SR,2024-09-18 06:29:00,0.0
period1,sc01,t0043,BESS_01,vEleReserveProd_Up_TR,2024-09-18 06:29:00,0.0
period1,sc01,t0043,BESS_01,vEleReserveProd_Down_SR,2024-09-18 06:29:00,0.0
period1,sc01,t0043,BESS_01,vEleReserveProd_Down_TR,2024-09-18 06:29:00,0.0
period1,sc01,t0044,BESS_01,vEleReserveCons_Up_SR,2024-09-18 07:29:00,0.0
period1,sc01,t0044,BESS_01,vEleReserveCons_Up_TR,2024-09-18 07:29:00,0.0
period1,sc01,t0044,BESS_01,vEleReserveCons_Down_SR,2024-09-18 07:29:00,0.0
period1,sc01,t0044,BESS_01,vEleReserveCons_Down_TR,2024-09-18 07:29:00,0.0
period1,sc01,t0044,BESS_01,vEleReserveProd_Up_SR,2024-09-18 07:29:00,0.0
period1,sc01,t0044,BESS_01,vEleReserveProd_Up_TR,2024-09-18 07:29:00,0.0
period1,sc01,t0044,BESS_01,vEleReserveProd_Down_SR,2024-09-18 07:29:00,0.0
period1,sc01,t0044,BESS_01,vEleReserveProd_Down_TR,2024-09-18 07:29:00,0.0
period1,sc01,t0045,BESS_01,vEleReserveCons_Up_SR,2024-09-18 08:29:00,0.0
period1,sc01,t0045,BESS_01,vEleReserveCons_Up_TR,2024-09-18 08:29:00,0.0
period1,sc01,t0045,BESS_01,vEleReserveCons_Down_SR,2024-09-18 08:29:00,0.0
period1,sc01,t0045,BESS_01,vEleReserveCons_Down_TR,2024-09-18 08:29:00,0.0
period1,sc01,t0045,BESS_01,vEleReserveProd_Up_SR,2024-09-18 08:29:00,0.0
period1,sc01,t0045,BESS_01,vEleReserveProd_Up_TR,2024-09-18 08:29:00,0.0
period1,sc01,t0045,BESS_01,vEleReserveProd_Down_SR,2024-09-18 08:29:00,0.0
period1,sc01,t0045,BESS_01,vEleReserveProd_Down_TR,2024-09-18 08:29:00,0.0
period1,sc01,t0046,BESS_01,vEleReserveCons_Up_SR,2024-09-18 09:29:00,0.0
period1,sc01,t0046,BESS_01,vEleReserveCons_Up_TR,2024-09-18 09:29:00,0.0
period1,sc01,t0046,BESS_01,vEleReserveCons_Down_SR,2024-09-18 09:29:00,0.0
period1,sc01,t0046,BESS_01,vEleReserveCons_Down_TR,2024-09-18 09:29:00,0.0
period1,sc01,t0046,BESS_01,vEleReserveProd_Up_SR,2024-09-18 09:29:00,0.0
period1,sc01,t0046,BESS_01,vEleReserveProd_Up_TR,2024-09-18 09:29:00,0.0
period1,sc01,t0046,BESS_01,vEleReserveProd_Down_SR,2024-09-18 09:29:00,0.0
period1,sc01,t0046,BESS_01,vEleReserveProd_Down_TR,2024-09-18 09:29:00,0.0
period1,sc01,t0047,BESS_01,vEleReserveCons_Up_SR,2024-09-18 10:29:00,0.0
period1,sc01,t0047,BESS_01,vEleReserveCons_Up_TR,2024-09-18 10:29:00,0.0
period1,sc01,t0047,BESS_01,vEleReserveCons_Down_SR,2024-09-18 10:29:00,0.0
period1,sc01,t0047,BESS_01,vEleReserveCons_Down_TR,2024-09-18 10:29:00,0.0
period1,sc01,t0047,BESS_01,vEleReserveProd_Up_SR,2024-09-18 10:29:00,0.0
period1,sc01,t0047,BESS_01,vEleReserveProd_Up_TR,2024-09-18 10:29:00,0.0
period1,sc01,t0047,BESS_01,vEleReserveProd_Down_SR,2024-09-18 10:29:00,0.0
period1,sc01,t0047,BESS_01,vEleReserveProd_Down_TR,2024-09-18 10:29:00,0.0
period1,sc01,t0048,BESS_01,vEleReserveCons_Up_SR,2024-09-18 11:29:00,0.0
period1,sc01,t0048,BESS_01,vEleReserveCons_Up_TR,2024-09-18 11:29:00,0.0
period1,sc01,t0048,BESS_01,vEleReserveCons_Down_SR,2024-09-18 11:29:00,0.0
period1,sc01,t0048,BESS_01,vEleReserveCons_Down_TR,2024-09-18 11:29:00,0.0
period1,sc01,t0048,BESS_01,vEleReserveProd_Up_SR,2024-09-18 11:29:00,0.0
period1,sc01,t0048,BESS_01,vEleReserveProd_Up_TR,2024-09-18 11:29:00,0.0
period1,sc01,t0048,BESS_01,vEleReserveProd_Down_SR,2024-09-18 11:29:00,0.0
period1,sc01,t0048,BESS_01,vEleReserveProd_Down_TR,2024-09-18 11:29:00,0.0
period1,sc01,t0049,BESS_01,vEleReserveCons_Up_SR,2024-09-18 12:29:00,0.0
period1,sc01,t0049,BESS_01,vEleReserveCons_Up_TR,2024-09-18 12:29:00,0.0
period1,sc01,t0049,BESS_01,vEleReserveCons_Down_SR,2024-09-18 12:29:00,0.0
period1,sc01,t0049,BESS_01,vEleReserveCons_Down_TR,2024-09-18 12:29:00,0.0
period1,sc01,t0049,BESS_01,vEleReserveProd_Up_SR,2024-09-18 12:29:00,0.0
period1,sc01,t0049,BESS_01,vEleReserveProd_Up_TR,2024-09-18 12:29:00,0.0
period1,sc01,t0049,BESS_01,vEleReserveProd_Down_SR,2024-09-18 12:29:00,0.0
period1,sc01,t0049,BESS_01,vEleReserveProd_Down_TR,2024-09-18 12:29:00,0.0
period1,sc01,t0050,BESS_01,vEleReserveCons_Up_SR,2024-09-18 13:29:00,0.0
period1,sc01,t0050,BESS_01,vEleReserveCons_Up_TR,2024-09-18 13:29:00,0.0
period1,sc01,t0050,BESS_01,vEleReserveCons_Down_SR,2024-09-18 13:29:00,0.0
period1,sc01,t0050,BESS_01,vEleReserveCons_Down_TR,2024-09-18 13:29:00,0.0
period1,sc01,t0050,BESS_01,vEleReserveProd_Up_SR,2024-09-18 13:29:00,0.0
period1,sc01,t0050,BESS_01,vEleReserveProd_Up_TR,2024-09-18 13:29:00,0.0
period1,sc01,t0050,BESS_01,vEleReserveProd_Down_SR,2024-09-18 13:29:00,0.0
period1,sc01,t0050,BESS_01,vEleReserveProd_Down_TR,2024-09-18 13:29:00,0.0
period1,sc01,t0051,BESS_01,vEleReserveCons_Up_SR,2024-09-18 14:29:00,0.0
period1,sc01,t0051,BESS_01,vEleReserveCons_Up_TR,2024-09-18 14:29:00,0.0
period1,sc01,t0051,BESS_01,vEleReserveCons_Down_SR,2024-09-18 14:29:00,0.0
period1,sc01,t0051,BESS_01,vEleReserveCons_Down_TR,2024-09-18 14:29:00,0.0
period1,sc01,t0051,BESS_01,vEleReserveProd_Up_SR,2024-09-18 14:29:00,0.0
period1,sc01,t0051,BESS_01,vEleReserveProd_Up_TR,2024-09-18 14:29:00,0.0
period1,sc01,t0051,BESS_01,vEleReserveProd_Down_SR,2024-09-18 14:29:00,0.0
period1,sc01,t0051,BESS_01,vEleReserveProd_Down_TR,2024-09-18 14:29:00,0.0
period1,sc01,t0052,BESS_01,vEleReserveCons_Up_SR,2024-09-18 15:29:00,0.0
period1,sc01,t0052,BESS_01,vEleReserveCons_Up_TR,2024-09-18 15:29:00,0.0
period1,sc01,t0052,BESS_01,vEleReserveCons_Down_SR,2024-09-18 15:29:00,0.0
period1,sc01,t0052,BESS_01,vEleReserveCons_Down_TR,2024-09-18 15:29:00,0.0
period1,sc01,t0052,BESS_01,vEleReserveProd_Up_SR,2024-09-18 15:29:00,0.0
period1,sc01,t0052,BESS_01,vEleReserveProd_Up_TR,2024-09-18 15:29:00,0.0
period1,sc01,t0052,BESS_01,vEleReserveProd_Down_SR,2024-09-18 15:29:00,0.0
period1,sc01,t0052,BESS_01,vEleReserveProd_Down_TR,2024-09-18 15:29:00,0.0
period1,sc01,t0053,BESS_01,vEleReserveCons_Up_SR,2024-09-18 16:29:00,0.0
period1,sc01,t0053,BESS_01,vEleReserveCons_Up_TR,2024-09-18 16:29:00,0.0
period1,sc01,t0053,BESS_01,vEleReserveCons_Down_SR,2024-09-18 16:29:00,0.0
period1,sc01,t0053,BESS_01,vEleReserveCons_Down_TR,2024-09-18 16:29:00,0.0
period1,sc01,t0053,BESS_01,vEleReserveProd_Up_SR,2024-09-18 16:29:00,0.0
period1,sc01,t0053,BESS_01,vEleReserveProd_Up_TR,2024-09-18 16:29:00,0.0
period1,sc01,t0053,BESS_01,vEleReserveProd_Down_SR,2024-09-18 16:29:00,0.0
period1,sc01,t0053,BESS_01,vEleReserveProd_Down_TR,2024-09-18 16:29:00,0.0
period1,sc01,t0054,BESS_01,vEleReserveCons_Up_SR,2024-09-18 17:29:00,0.0
period1,sc01,t0054,BESS_01,vEleReserveCons_Up_TR,2024-09-18 17:29:00,0.0
period1,sc01,t0054,BESS_01,vEleReserveCons_Down_SR,2024-09-18 17:29:00,0.0
period1,sc01,t0054,BESS_01,vEleReserveCons_Down_TR,2024-09-18 17:29:00,0.0
period1,sc01,t0054,BESS_01,vEleReserveProd_Up_SR,2024-09-18 17:29:00,0.0
period1,sc01,t0054,BESS_01,vEleReserveProd_Up_TR,2024-09-18 17:29:00,0.0
period1,sc01,t0054,BESS_01,vEleReserveProd_Down_SR,2024-09-18 17:29:00,0.0
period1,sc01,t0054,BESS_01,vEleReserveProd_Down_TR,2024-09-18 17:29:00,0.0
period1,sc01,t0055,BESS_01,vEleReserveCons_Up_SR,2024-09-18 18:29:00,0.0
period1,sc01,t0055,BESS_01,vEleReserveCons_Up_TR,2024-09-18 18:29:00,0.0
period1,sc01,t0055,BESS_01,vEleReserveCons_Down_SR,2024-09-18 18:29:00,0.0
period1,sc01,t0055,BESS_01,vEleReserveCons_Down_TR,2024-09-18 18:29:00,0.0
period1,sc01,t0055,BESS_01,vEleReserveProd_Up_SR,2024-09-18 18:29:00,0.0
period1,sc01,t0055,BESS_01,vEleReserveProd_Up_TR,2024-09-18 18:29:00,0.0
period1,sc01,t0055,BESS_01,vEleReserveProd_Down_SR,2024-09-18 18:29:00,0.0
period1,sc01,t0055,BESS_01,vEleReserveProd_Down_TR,2024-09-18 18:29:00,0.0
period1,sc01,t0056,BESS_01,vEleReserveCons_Up_SR,2024-09-18 19:29:00,0.0
period1,sc01,t0056,BESS_01,vEleReserveCons_Up_TR,2024-09-18 19:29:00,0.0
period1,sc01,t0056,BESS_01,vEleReserveCons_Down_SR,2024-09-18 19:29:00,0.0
period1,sc01,t0056,BESS_01,vEleReserveCons_Down_TR,2024-09-18 19:29:00,0.0
period1,sc01,t0056,BESS_01,vEleReserveProd_Up_SR,2024-09-18 19:29:00,0.0
period1,sc01,t0056,BESS_01,vEleReserveProd_Up_TR,2024-09-18 19:29:00,0.0
period1,sc01,t0056,BESS_01,vEleReserveProd_Down_SR,2024-09-18 19:29:00,0.0
period1,sc01,t0056,BESS_01,vEleReserveProd_Down_TR,2024-09-18 19:29:00,0.0
period1,sc01,t0057,BESS_01,vEleReserveCons_Up_SR,2024-09-18 20:29:00,0.0
period1,sc01,t0057,BESS_01,vEleReserveCons_Up_TR,2024-09-18 20:29:00,0.0
period1,sc01,t0057,BESS_01,vEleReserveCons_Down_SR,2024-09-18 20:29:00,0.0
period1,sc01,t0057,BESS_01,vEleReserveCons_Down_TR,2024-09-18 20:29:00,0.0
period1,sc01,t0057,BESS_01,vEleReserveProd_Up_SR,2024-09-18 20:29:00,0.0
period1,sc01,t0057,BESS_01,vEleReserveProd_Up_TR,2024-09-18 20:29:00,0.0
period1,sc01,t0057,BESS_01,vEleReserveProd_Down_SR,2024-09-18 20:29:00,0.0
period1,sc01,t0057,BESS_01,vEleReserveProd_Down_TR,2024-09-18 20:29:00,0.0
period1,sc01,t0058,BESS_01,vEleReserveCons_Up_SR,2024-09-18 21:29:00,0.0
period1,sc01,t0058,BESS_01,vEleReserveCons_Up_TR,2024-09-18 21:29:00,0.0
period1,sc01,t0058,BESS_01,vEleReserveCons_Down_SR,2024-09-18 21:29:00,0.0
period1,sc01,t0058,BESS_01,vEleReserveCons_Down_TR,2024-09-18 21:29:00,0.0
period1,sc01,t0058,BESS_01,vEleReserveProd_Up_SR,2024-09-18 21:29:00,0.0
period1,sc01,t0058,BESS_01,vEleReserveProd_Up_TR,2024-09-18 21:29:00,0.0
period1,sc01,t0058,BESS_01,vEleReserveProd_Down_SR,2024-09-18 21:29:00,0.0
period1,sc01,t0058,BESS_01,vEleReserveProd_Down_TR,2024-09-18 21:29:00,0.0
period1,sc01,t0059,BESS_01,vEleReserveCons_Up_SR,2024-09-18 22:29:00,0.0
period1,sc01,t0059,BESS_01,vEleReserveCons_Up_TR,2024-09-18 22:29:00,0.0
period1,sc01,t0059,BESS_01,vEleReserveCons_Down_SR,2024-09-18 22:29:00,0.0
period1,sc01,t0059,BESS_01,vEleReserveCons_Down_TR,2024-09-18 22:29:00,0.0
period1,sc01,t0059,BESS_01,vEleReserveProd_Up_SR,2024-09-18 22:29:00,0.0
period1,sc01,t0059,BESS_01,vEleReserveProd_Up_TR,2024-09-18 22:29:00,0.0
period1,sc01,t0059,BESS_01,vEleReserveProd_Down_SR,2024-09-18 22:29:00,0.0
period1,sc01,t0059,BESS_01,vEleReserveProd_Down_TR,2024-09-18 22:29:00,0.0
period1,sc01,t0060,BESS_01,vEleReserveCons_Up_SR,2024-09-18 23:29:00,0.0
period1,sc01,t0060,BESS_01,vEleReserveCons_Up_TR,2024-09-18 23:29:00,0.0
period1,sc01,t0060,BESS_01,vEleReserveCons_Down_SR,2024-09-18 23:29:00,0.0
period1,sc01,t0060,BESS_01,vEleReserveCons_Down_TR,2024-09-18 23:29:00,0.0
period1,sc01,t0060,BESS_01,vEleReserveProd_Up_SR,2024-09-18 23:29:00,0.0
period1,sc01,t0060,BESS_01,vEleReserveProd_Up_TR,2024-09-18 23:29:00,0.0
period1,sc01,t0060,BESS_01,vEleReserveProd_Down_SR,2024-09-18 23:29:00,0.0
period1,sc01,t0060,BESS_01,vEleReserveProd_Down_TR,2024-09-18 23:29:00,0.0
period1,sc01,t0061,BESS_01,vEleReserveCons_Up_SR,2024-09-19 00:29:00,0.0
period1,sc01,t0061,BESS_01,vEleReserveCons_Up_TR,2024-09-19 00:29:00,0.0
period1,sc01,t0061,BESS_01,vEleReserveCons_Down_SR,2024-09-19 00:29:00,0.0
period1,sc01,t0061,BESS_01,vEleReserveCons_Down_TR,2024-09-19 00:29:00,0.0
period1,sc01,t0061,BESS_01,vEleReserveProd_Up_SR,2024-09-19 00:29:00,0.0
period1,sc01,t0061,BESS_01,vEleReserveProd_Up_TR,2024-09-19 00:29:00,0.0
period1,sc01,t0061,BESS_01,vEleReserveProd_Down_SR,2024-09-19 00:29:00,0.0
period1,sc01,t0061,BESS_01,vEleReserveProd_Down_TR,2024-09-19 00:29:00,0.0
period1,sc01,t0062,BESS_01,vEleReserveCons_Up_SR,2024-09-19 01:29:00,0.0
period1,sc01,t0062,BESS_01,vEleReserveCons_Up_TR,2024-09-19 01:29:00,0.0
period1,sc01,t0062,BESS_01,vEleReserveCons_Down_SR,2024-09-19 01:29:00,0.0
period1,sc01,t0062,BESS_01,vEleReserveCons_Down_TR,2024-09-19 01:29:00,0.0
period1,sc01,t0062,BESS_01,vEleReserveProd_Up_SR,2024-09-19 01:29:00,0.0
period1,sc01,t0062,BESS_01,vEleReserveProd_Up_TR,2024-09-19 01:29:00,0.0
period1,sc01,t0062,BESS_01,vEleReserveProd_Down_SR,2024-09-19 01:29:00,0.0
period1,sc01,t0062,BESS_01,vEleReserveProd_Down_TR,2024-09-19 01:29:00,0.0
period1,sc01,t0063,BESS_01,vEleReserveCons_Up_SR,2024-09-19 02:29:00,0.0
period1,sc01,t0063,BESS_01,vEleReserveCons_Up_TR,2024-09-19 02:29:00,0.0
period1,sc01,t0063,BESS_01,vEleReserveCons_Down_SR,2024-09-19 02:29:00,0.0
period1,sc01,t0063,BESS_01,vEleReserveCons_Down_TR,2024-09-19 02:29:00,0.0
period1,sc01,t0063,BESS_01,vEleReserveProd_Up_SR,2024-09-19 02:29:00,0.0
period1,sc01,t0063,BESS_01,vEleReserveProd_Up_TR,2024-09-19 02:29:00,0.0
period1,sc01,t0063,BESS_01,vEleReserveProd_Down_SR,2024-09-19 02:29:00,0.0
period1,sc01,t0063,BESS_01,vEleReserveProd_Down_TR,2024-09-19 02:29:00,0.0
period1,sc01,t0064,BESS_01,vEleReserveCons_Up_SR,2024-09-19 03:29:00,0.0
period1,sc01,t0064,BESS_01,vEleReserveCons_Up_TR,2024-09-19 03:29:00,0.0
period1,sc01,t0064,BESS_01,vEleReserveCons_Down_SR,2024-09-19 03:29:00,0.0
period1,sc01,t0064,BESS_01,vEleReserveCons_Down_TR,2024-09-19 03:29:00,0.0
period1,sc01,t0064,BESS_01,vEleReserveProd_Up_SR,2024-09-19 03:29:00,0.0
period1,sc01,t0064,BESS_01,vEleReserveProd_Up_TR,2024-09-19 03:29:00,0.0
period1,sc01,t0064,BESS_01,vEleReserveProd_Down_SR,2024-09-19 03:29:00,0.0
period1,sc01,t0064,BESS_01,vEleReserveProd_Down_TR,2024-09-19 03:29:00,0.0
period1,sc01,t0065,BESS_01,vEleReserveCons_Up_SR,2024-09-19 04:29:00,0.0
period1,sc01,t0065,BESS_01,vEleReserveCons_Up_TR,2024-09-19 04:29:00,0.0
period1,sc01,t0065,BESS_01,vEleReserveCons_Down_SR,2024-09-19 04:29:00,0.0
period1,sc01,t0065,BESS_01,vEleReserveCons_Down_TR,2024-09-19 04:29:00,0.0
period1,sc01,t0065,BESS_01,vEleReserveProd_Up_SR,2024-09-19 04:29:00,0.0
period1,sc01,t0065,BESS_01,vEleReserveProd_Up_TR,2024-09-19 04:29:00,0.0
period1,sc01,t0065,BESS_01,vEleReserveProd_Down_SR,2024-09-19 04:29:00,0.0
period1,sc01,t0065,BESS_01,vEleReserveProd_Down_TR,2024-09-19 04:29:00,0.0
period1,sc01,t0066,BESS_01,vEleReserveCons_Up_SR,2024-09-19 05:29:00,0.0
period1,sc01,t0066,BESS_01,vEleReserveCons_Up_TR,2024-09-19 05:29:00,0.0
period1,sc01,t0066,BESS_01,vEleReserveCons_Down_SR,2024-09-19 05:29:00,0.0
period1,sc01,t0066,BESS_01,vEleReserveCons_Down_TR,2024-09-19 05:29:00,0.0
period1,sc01,t0066,BESS_01,vEleReserveProd_Up_SR,2024-09-19 05:29:00,0.0
period1,sc01,t0066,BESS_01,vEleReserveProd_Up_TR,2024-09-19 05:29:00,0.0
period1,sc01,t0066,BESS_01,vEleReserveProd_Down_SR,2024-09-19 05:29:00,0.0
period1,sc01,t0066,BESS_01,vEleReserveProd_Down_TR,2024-09-19 05:29:00,0.0
period1,sc01,t0067,BESS_01,vEleReserveCons_Up_SR,2024-09-19 06:29:00,0.0
period1,sc01,t0067,BESS_01,vEleReserveCons_Up_TR,2024-09-19 06:29:00,0.0
period1,sc01,t0067,BESS_01,vEleReserveCons_Down_SR,2024-09-19 06:29:00,0.0
period1,sc01,t0067,BESS_01,vEleReserveCons_Down_TR,2024-09-19 06:29:00,0.0
period1,sc01,t0067,BESS_01,vEleReserveProd_Up_SR,2024-09-19 06:29:00,0.0
period1,sc01,t0067,BESS_01,vEleReserveProd_Up_TR,2024-09-19 06:29:00,0.0
period1,sc01,t0067,BESS_01,vEleReserveProd_Down_SR,2024-09-19 06:29:00,0.0
period1,sc01,t0067,BESS_01,vEleReserveProd_Down_TR,2024-09-19 06:29:00,0.0
period1,sc01,t0068,BESS_01,vEleReserveCons_Up_SR,2024-09-19 07:29:00,0.0
period1,sc01,t0068,BESS_01,vEleReserveCons_Up_TR,2024-09-19 07:29:00,0.0
period1,sc01,t0068,BESS_01,vEleReserveCons_Down_SR,2024-09-19 07:29:00,0.0
period1,sc01,t0068,BESS_01,vEleReserveCons_Down_TR,2024-09-19 07:29:00,0.0
period1,sc01,t0068,BESS_01,vEleReserveProd_Up_SR,2024-09-19 07:29:00,0.0
period1,sc01,t0068,BESS_01,vEleReserveProd_Up_TR,2024-09-19 07:29:00,0.0
period1,sc01,t0068,BESS_01,vEleReserveProd_Down_SR,2024-09-19 07:29:00,0.0
period1,sc01,t0068,BESS_01,vEleReserveProd_Down_TR,2024-09-19 07:29:00,0.0
period1,sc01,t0069,BESS_01,vEleReserveCons_Up_SR,2024-09-19 08:29:00,0.0
period1,sc01,t0069,BESS_01,vEleReserveCons_Up_TR,2024-09-19 08:29:00,0.0
period1,sc01,t0069,BESS_01,vEleReserveCons_Down_SR,2024-09-19 08:29:00,0.0
period1,sc01,t0069,BESS_01,vEleReserveCons_Down_TR,2024-09-19 08:29:00,0.0
period1,sc01,t0069,BESS_01,vEleReserveProd_Up_SR,2024-09-19 08:29:00,0.0
period1,sc01,t0069,BESS_01,vEleReserveProd_Up_TR,2024-09-19 08:29:00,0.0
period1,sc01,t0069,BESS_01,vEleReserveProd_Down_SR,2024-09-19 08:29:00,0.0
period1,sc01,t0069,BESS_01,vEleReserveProd_Down_TR,2024-09-19 08:29:00,0.0
period1,sc01,t0070,BESS_01,vEleReserveCons_Up_SR,2024-09-19 09:29:00,0.0
period1,sc01,t0070,BESS_01,vEleReserveCons_Up_TR,2024-09-19 09:29:00,0.0
period1,sc01,t0070,BESS_01,vEleReserveCons_Down_SR,2024-09-19 09:29:00,0.0
period1,sc01,t0070,BESS_01,vEleReserveCons_Down_TR,2024-09-19 09:29:00,0.0
period1,sc01,t0070,BESS_01,vEleReserveProd_Up_SR,2024-09-19 09:29:00,0.0
period1,sc01,t0070,BESS_01,vEleReserveProd_Up_TR,2024-09-19 09:29:00,0.0
period1,sc01,t0070,BESS_01,vEleReserveProd_Down_SR,2024-09-19 09:29:00,0.0
period1,sc01,t0070,BESS_01,vEleReserveProd_Down_TR,2024-09-19 09:29:00,0.0
period1,sc01,t0071,BESS_01,vEleReserveCons_Up_SR,2024-09-19 10:29:00,0.0
period1,sc01,t0071,BESS_01,vEleReserveCons_Up_TR,2024-09-19 10:29:00,0.0
period1,sc01,t0071,BESS_01,vEleReserveCons_Down_SR,2024-09-19 10:29:00,0.0
period1,sc01,t0071,BESS_01,vEleReserveCons_Down_TR,2024-09-19 10:29:00,0.0
period1,sc01,t0071,BESS_01,vEleReserveProd_Up_SR,2024-09-19 10:29:00,0.0
period1,sc01,t0071,BESS_01,vEleReserveProd_Up_TR,2024-09-19 10:29:00,0.0
period1,sc01,t0071,BESS_01,vEleReserveProd_Down_SR,2024-09-19 10:29:00,0.0
period1,sc01,t0071,BESS_01,vEleReserveProd_Down_TR,2024-09-19 10:29:00,0.0
period1,sc01,t0072,BESS_01,vEleReserveCons_Up_SR,2024-09-19 11:29:00,0.0
period1,sc01,t0072,BESS_01,vEleReserveCons_Up_TR,2024-09-19 11:29:00,0.0
period1,sc01,t0072,BESS_01,vEleReserveCons_Down_SR,2024-09-19 11:29:00,0.0
period1,sc01,t0072,BESS_01,vEleReserveCons_Down_TR,2024-09-19 11:29:00,0.0
period1,sc01,t0072,BESS_01,vEleReserveProd_Up_SR,2024-09-19 11:29:00,0.0
period1,sc01,t0072,BESS_01,vEleReserveProd_Up_TR,2024-09-19 11:29:00,0.0
period1,sc01,t0072,BESS_01,vEleReserveProd_Down_SR,2024-09-19 11:29:00,0.0
period1,sc01,t0072,BESS_01,vEleReserveProd_Down_TR,2024-09-19 11:29:00,0.0
period1,sc01,t0073,BESS_01,vEleReserveCons_Up_SR,2024-09-19 12:29:00,0.0
period1,sc01,t0073,BESS_01,vEleReserveCons_Up_TR,2024-09-19 12:29:00,0.0
period1,sc01,t0073,BESS_01,vEleReserveCons_Down_SR,2024-09-19 12:29:00,0.0
period1,sc01,t0073,BESS_01,vEleReserveCons_Down_TR,2024-09-19 12:29:00,0.0
period1,sc01,t0073,BESS_01,vEleReserveProd_Up_SR,2024-09-19 12:29:00,0.0
period1,sc01,t0073,BESS_01,vEleReserveProd_Up_TR,2024-09-19 12:29:00,0.0
period1,sc01,t0073,BESS_01,vEleReserveProd_Down_SR,2024-09-19 12:29:00,0.0
period1,sc01,t0073,BESS_01,vEleReserveProd_Down_TR,2024-09-19 12:29:00,0.0
period1,sc01,t0074,BESS_01,vEleReserveCons_Up_SR,2024-09-19 13:29:00,0.0
period1,sc01,t0074,BESS_01,vEleReserveCons_Up_TR,2024-09-19 13:29:00,0.0
period1,sc01,t0074,BESS_01,vEleReserveCons_Down_SR,2024-09-19 13:29:00,0.0
period1,sc01,t0074,BESS_01,vEleReserveCons_Down_TR,2024-09-19 13:29:00,0.0
period1,sc01,t0074,BESS_01,vEleReserveProd_Up_SR,2024-09-19 13:29:00,0.0
period1,sc01,t0074,BESS_01,vEleReserveProd_Up_TR,2024-09-19 13:29:00,0.0
period1,sc01,t0074,BESS_01,vEleReserveProd_Down_SR,2024-09-19 13:29:00,0.0
period1,sc01,t0074,BESS_01,vEleReserveProd_Down_TR,2024-09-19 13:29:00,0.0
period1,sc01,t0075,BESS_01,vEleReserveCons_Up_SR,2024-09-19 14:29:00,0.0
period1,sc01,t0075,BESS_01,vEleReserveCons_Up_TR,2024-09-19 14:29:00,0.0
period1,sc01,t0075,BESS_01,vEleReserveCons_Down_SR,2024-09-19 14:29:00,0.0
period1,sc01,t0075,BESS_01,vEleReserveCons_Down_TR,2024-09-19 14:29:00,0.0
period1,sc01,t0075,BESS_01,vEleReserveProd_Up_SR,2024-09-19 14:29:00,0.0
period1,sc01,t0075,BESS_01,vEleReserveProd_Up_TR,2024-09-19 14:29:00,0.0
period1,sc01,t0075,BESS_01,vEleReserveProd_Down_SR,2024-09-19 14:29:00,0.0
period1,sc01,t0075,BESS_01,vEleReserveProd_Down_TR,2024-09-19 14:29:00,0.0
period1,sc01,t0076,BESS_01,vEleReserveCons_Up_SR,2024-09-19 15:29:00,0.0
period1,sc01,t0076,BESS_01,vEleReserveCons_Up_TR,2024-09-19 15:29:00,0.0
period1,sc01,t0076,BESS_01,vEleReserveCons_Down_SR,2024-09-19 15:29:00,0.0
period1,sc01,t0076,BESS_01,vEleReserveCons_Down_TR,2024-09-19 15:29:00,0.0
period1,sc01,t0076,BESS_01,vEleReserveProd_Up_SR,2024-09-19 15:29:00,0.0
period1,sc01,t0076,BESS_01,vEleReserveProd_Up_TR,2024-09-19 15:29:00,0.0
period1,sc01,t0076,BESS_01,vEleReserveProd_Down_SR,2024-09-19 15:29:00,0.0
period1,sc01,t0076,BESS_01,vEleReserveProd_Down_TR,2024-09-19 15:29:00,0.0
period1,sc01,t0077,BESS_01,vEleReserveCons_Up_SR,2024-09-19 16:29:00,0.0
period1,sc01,t0077,BESS_01,vEleReserveCons_Up_TR,2024-09-19 16:29:00,0.0
period1,sc01,t0077,BESS_01,vEleReserveCons_Down_SR,2024-09-19 16:29:00,0.0
period1,sc01,t0077,BESS_01,vEleReserveCons_Down_TR,2024-09-19 16:29:00,0.0
period1,sc01,t0077,BESS_01,vEleReserveProd_Up_SR,2024-09-19 16:29:00,0.0
period1,sc01,t0077,BESS_01,vEleReserveProd_Up_TR,2024-09-19 16:29:00,0.0
period1,sc01,t0077,BESS_01,vEleReserveProd_Down_SR,2024-09-19 16:29:00,0.0
period1,sc01,t0077,BESS_01,vEleReserveProd_Down_TR,2024-09-19 16:29:00,0.0
period1,sc01,t0078,BESS_01,vEleReserveCons_Up_SR,2024-09-19 17:29:00,0.0
period1,sc01,t0078,BESS_01,vEleReserveCons_Up_TR,2024-09-19 17:29:00,0.0
period1,sc01,t0078,BESS_01,vEleReserveCons_Down_SR,2024-09-19 17:29:00,0.0
period1,sc01,t0078,BESS_01,vEleReserveCons_Down_TR,2024-09-19 17:29:00,0.0
period1,sc01,t0078,BESS_01,vEleReserveProd_Up_SR,2024-09-19 17:29:00,0.0
period1,sc01,t0078,BESS_01,vEleReserveProd_Up_TR,2024-09-19 17:29:00,0.0
period1,sc01,t0078,BESS_01,vEleReserveProd_Down_SR,2024-09-19 17:29:00,0.0
period1,sc01,t0078,BESS_01,vEleReserveProd_Down_TR,2024-09-19 17:29:00,0.0
period1,sc01,t0079,BESS_01,vEleReserveCons_Up_SR,2024-09-19 18:29:00,0.0
period1,sc01,t0079,BESS_01,vEleReserveCons_Up_TR,2024-09-19 18:29:00,0.0
period1,sc01,t0079,BESS_01,vEleReserveCons_Down_SR,2024-09-19 18:29:00,0.0
period1,sc01,t0079,BESS_01,vEleReserveCons_Down_TR,2024-09-19 18:29:00,0.0
period1,sc01,t0079,BESS_01,vEleReserveProd_Up_SR,2024-09-19 18:29:00,0.0
period1,sc01,t0079,BESS_01,vEleReserveProd_Up_TR,2024-09-19 18:29:00,0.0
period1,sc01,t0079,BESS_01,vEleReserveProd_Down_SR,2024-09-19 18:29:00,0.0
period1,sc01,t0079,BESS_01,vEleReserveProd_Down_TR,2024-09-19 18:29:00,0.0
period1,sc01,t0080,BESS_01,vEleReserveCons_Up_SR,2024-09-19 19:29:00,0.0
period1,sc01,t0080,BESS_01,vEleReserveCons_Up_TR,2024-09-19 19:29:00,0.0
period1,sc01,t0080,BESS_01,vEleReserveCons_Down_SR,2024-09-19 19:29:00,0.0
period1,sc01,t0080,BESS_01,vEleReserveCons_Down_TR,2024-09-19 19:29:00,0.0
period1,sc01,t0080,BESS_01,vEleReserveProd_Up_SR,2024-09-19 19:29:00,0.0
period1,sc01,t0080,BESS_01,vEleReserveProd_Up_TR,2024-09-19 19:29:00,0.0
period1,sc01,t0080,BESS_01,vEleReserveProd_Down_SR,2024-09-19 19:29:00,0.0
period1,sc01,t0080,BESS_01,vEleReserveProd_Down_TR,2024-09-19 19:29:00,0.0
period1,sc01,t0081,BESS_01,vEleReserveCons_Up_SR,2024-09-19 20:29:00,0.0
period1,sc01,t0081,BESS_01,vEleReserveCons_Up_TR,2024-09-19 20:29:00,0.0
period1,sc01,t0081,BESS_01,vEleReserveCons_Down_SR,2024-09-19 20:29:00,0.0
period1,sc01,t0081,BESS_01,vEleReserveCons_Down_TR,2024-09-19 20:29:00,0.0
period1,sc01,t0081,BESS_01,vEleReserveProd_Up_SR,2024-09-19 20:29:00,0.0
period1,sc01,t0081,BESS_01,vEleReserveProd_Up_TR,2024-09-19 20:29:00,0.0
period1,sc01,t0081,BESS_01,vEleReserveProd_Down_SR,2024-09-19 20:29:00,0.0
period1,sc01,t0081,BESS_01,vEleReserveProd_Down_TR,2024-09-19 20:29:00,0.0
period1,sc01,t0082,BESS_01,vEleReserveCons_Up_SR,2024-09-19 21:29:00,0.0
period1,sc01,t0082,BESS_01,vEleReserveCons_Up_TR,2024-09-19 21:29:00,0.0
period1,sc01,t0082,BESS_01,vEleReserveCons_Down_SR,2024-09-19 21:29:00,0.0
period1,sc01,t0082,BESS_01,vEleReserveCons_Down_TR,2024-09-19 21:29:00,0.0
period1,sc01,t0082,BESS_01,vEleReserveProd_Up_SR,2024-09-19 21:29:00,0.0
period1,sc01,t0082,BESS_01,vEleReserveProd_Up_TR,2024-09-19 21:29:00,0.0
period1,sc01,t0082,BESS_01,vEleReserveProd_Down_SR,2024-09-19 21:29:00,0.0
period1,sc01,t0082,BESS_01,vEleReserveProd_Down_TR,2024-09-19 21:29:00,0.0
period1,sc01,t0083,BESS_01,vEleReserveCons_Up_SR,2024-09-19 22:29:00,0.0
period1,sc01,t0083,BESS_01,vEleReserveCons_Up_TR,2024-09-19 22:29:00,0.0
period1,sc01,t0083,BESS_01,vEleReserveCons_Down_SR,2024-09-19 22:29:00,0.0
period1,sc01,t0083,BESS_01,vEleReserveCons_Down_TR,2024-09-19 22:29:00,0.0
period1,sc01,t0083,BESS_01,vEleReserveProd_Up_SR,2024-09-19 22:29:00,0.0
period1,sc01,t0083,BESS_01,vEleReserveProd_Up_TR,2024-09-19 22:29:00,0.0
period1,sc01,t0083,BESS_01,vEleReserveProd_Down_SR,2024-09-19 22:29:00,0.0
period1,sc01,t0083,BESS_01,vEleReserveProd_Down_TR,2024-09-19 22:29:00,0.0
period1,sc01,t0084,BESS_01,vEleReserveCons_Up_SR,2024-09-19 23:29:00,0.0
period1,sc01,t0084,BESS_01,vEleReserveCons_Up_TR,2024-09-19 23:29:00,0.0
period1,sc01,t0084,BESS_01,vEleReserveCons_Down_SR,2024-09-19 23:29:00,0.0
period1,sc01,t0084,BESS_01,vEleReserveCons_Down_TR,2024-09-19 23:29:00,0.0
period1,sc01,t0084,BESS_01,vEleReserveProd_Up_SR,2024-09-19 23:29:00,0.0
period1,sc01,t0084,BESS_01,vEleReserveProd_Up_TR,2024-09-19 23:29:00,0.0
period1,sc01,t0084,BESS_01,vEleReserveProd_Down_SR,2024-09-19 23:29:00,0.0
period1,sc01,t0084,BESS_01,vEleReserveProd_Down_TR,2024-09-19 23:29:00,0.0
period1,sc01,t0085,BESS_01,vEleReserveCons_Up_SR,2024-09-20 00:29:00,0.0
period1,sc01,t0085,BESS_01,vEleReserveCons_Up_TR,2024-09-20 00:29:00,0.0
period1,sc01,t0085,BESS_01,vEleReserveCons_Down_SR,2024-09-20 00:29:00,0.0
period1,sc01,t0085,BESS_01,vEleReserveCons_Down_TR,2024-09-20 00:29:00,0.0
period1,sc01,t0085,BESS_01,vEleReserveProd_Up_SR,2024-09-20 00:29:00,0.0
period1,sc01,t0085,BESS_01,vEleReserveProd_Up_TR,2024-09-20 00:29:00,0.0
period1,sc01,t0085,BESS_01,vEleReserveProd_Down_SR,2024-09-20 00:29:00,0.0
period1,sc01,t0085,BESS_01,vEleReserveProd_Down_TR,2024-09-20 00:29:00,0.0
period1,sc01,t0086,BESS_01,vEleReserveCons_Up_SR,2024-09-20 01:29:00,0.0
period1,sc01,t0086,BESS_01,vEleReserveCons_Up_TR,2024-09-20 01:29:00,0.0
period1,sc01,t0086,BESS_01,vEleReserveCons_Down_SR,2024-09-20 01:29:00,0.0
period1,sc01,t0086,BESS_01,vEleReserveCons_Down_TR,2024-09-20 01:29:00,0.0
period1,sc01,t0086,BESS_01,vEleReserveProd_Up_SR,2024-09-20 01:29:00,0.0
period1,sc01,t0086,BESS_01,vEleReserveProd_Up_TR,2024-09-20 01:29:00,0.0
period1,sc01,t0086,BESS_01,vEleReserveProd_Down_SR,2024-09-20 01:29:00,0.0
period1,sc01,t0086,BESS_01,vEleReserveProd_Down_TR,2024-09-20 01:29:00,0.0
period1,sc01,t0087,BESS_01,vEleReserveCons_Up_SR,2024-09-20 02:29:00,0.0
period1,sc01,t0087,BESS_01,vEleReserveCons_Up_TR,2024-09-20 02:29:00,0.0
period1,sc01,t0087,BESS_01,vEleReserveCons_Down_SR,2024-09-20 02:29:00,0.0
period1,sc01,t0087,BESS_01,vEleReserveCons_Down_TR,2024-09-20 02:29:00,0.0
period1,sc01,t0087,BESS_01,vEleReserveProd_Up_SR,2024-09-20 02:29:00,0.0
period1,sc01,t0087,BESS_01,vEleReserveProd_Up_TR,2024-09-20 02:29:00,0.0
period1,sc01,t0087,BESS_01,vEleReserveProd_Down_SR,2024-09-20 02:29:00,0.0
period1,sc01,t0087,BESS_01,vEleReserveProd_Down_TR,2024-09-20 02:29:00,0.0
period1,sc01,t0088,BESS_01,vEleReserveCons_Up_SR,2024-09-20 03:29:00,0.0
period1,sc01,t0088,BESS_01,vEleReserveCons_Up_TR,2024-09-20 03:29:00,0.0
period1,sc01,t0088,BESS_01,vEleReserveCons_Down_SR,2024-09-20 03:29:00,0.0
period1,sc01,t0088,BESS_01,vEleReserveCons_Down_TR,2024-09-20 03:29:00,0.0
period1,sc01,t0088,BESS_01,vEleReserveProd_Up_SR,2024-09-20 03:29:00,0.0
period1,sc01,t0088,BESS_01,vEleReserveProd_Up_TR,2024-09-20 03:29:00,0.0
period1,sc01,t0088,BESS_01,vEleReserveProd_Down_SR,2024-09-20 03:29:00,0.0
period1,sc01,t0088,BESS_01,vEleReserveProd_Down_TR,2024-09-20 03:29:00,0.0
period1,sc01,t0089,BESS_01,vEleReserveCons_Up_SR,2024-09-20 04:29:00,0.0
period1,sc01,t0089,BESS_01,vEleReserveCons_Up_TR,2024-09-20 04:29:00,0.0
period1,sc01,t0089,BESS_01,vEleReserveCons_Down_SR,2024-09-20 04:29:00,0.0
period1,sc01,t0089,BESS_01,vEleReserveCons_Down_TR,2024-09-20 04:29:00,0.0
period1,sc01,t0089,BESS_01,vEleReserveProd_Up_SR,2024-09-20 04:29:00,0.0
period1,sc01,t0089,BESS_01,vEleReserveProd_Up_TR,2024-09-20 04:29:00,0.0
period1,sc01,t0089,BESS_01,vEleReserveProd_Down_SR,2024-09-20 04:29:00,0.0
period1,sc01,t0089,BESS_01,vEleReserveProd_Down_TR,2024-09-20 04:29:00,0.0
period1,sc01,t0090,BESS_01,vEleReserveCons_Up_SR,2024-09-20 05:29:00,0.0
period1,sc01,t0090,BESS_01,vEleReserveCons_Up_TR,2024-09-20 05:29:00,0.0
period1,sc01,t0090,BESS_01,vEleReserveCons_Down_SR,2024-09-20 05:29:00,0.0
period1,sc01,t0090,BESS_01,vEleReserveCons_Down_TR,2024-09-20 05:29:00,0.0
period1,sc01,t0090,BESS_01,vEleReserveProd_Up_SR,2024-09-20 05:29:00,0.0
period1,sc01,t0090,BESS_01,vEleReserveProd_Up_TR,2024-09-20 05:29:00,0.0
period1,sc01,t0090,BESS_01,vEleReserveProd_Down_SR,2024-09-20 05:29:00,0.0
period1,sc01,t0090,BESS_01,vEleReserveProd_Down_TR,2024-09-20 05:29:00,0.0
period1,sc01,t0091,BESS_01,vEleReserveCons_Up_SR,2024-09-20 06:29:00,0.0
period1,sc01,t0091,BESS_01,vEleReserveCons_Up_TR,2024-09-20 06:29:00,0.0
period1,sc01,t0091,BESS_01,vEleReserveCons_Down_SR,2024-09-20 06:29:00,0.0
period1,sc01,t0091,BESS_01,vEleReserveCons_Down_TR,2024-09-20 06:29:00,0.0
period1,sc01,t0091,BESS_01,vEleReserveProd_Up_SR,2024-09-20 06:29:00,0.0
period1,sc01,t0091,BESS_01,vEleReserveProd_Up_TR,2024-09-20 06:29:00,0.0
period1,sc01,t0091,BESS_01,vEleReserveProd_Down_SR,2024-09-20 06:29:00,0.0
period1,sc01,t0091,BESS_01,vEleReserveProd_Down_TR,2024-09-20 06:29:00,0.0
period1,sc01,t0092,BESS_01,vEleReserveCons_Up_SR,2024-09-20 07:29:00,0.0
period1,sc01,t0092,BESS_01,vEleReserveCons_Up_TR,2024-09-20 07:29:00,0.0
period1,sc01,t0092,BESS_01,vEleReserveCons_Down_SR,2024-09-20 07:29:00,0.0
period1,sc01,t0092,BESS_01,vEleReserveCons_Down_TR,2024-09-20 07:29:00,0.0
period1,sc01,t0092,BESS_01,vEleReserveProd_Up_SR,2024-09-20 07:29:00,0.0
period1,sc01,t0092,BESS_01,vEleReserveProd_Up_TR,2024-09-20 07:29:00,0.0
period1,sc01,t0092,BESS_01,vEleReserveProd_Down_SR,2024-09-20 07:29:00,0.0
period1,sc01,t0092,BESS_01,vEleReserveProd_Down_TR,2024-09-20 07:29:00,0.0
period1,sc01,t0093,BESS_01,vEleReserveCons_Up_SR,2024-09-20 08:29:00,0.0
period1,sc01,t0093,BESS_01,vEleReserveCons_Up_TR,2024-09-20 08:29:00,0.0
period1,sc01,t0093,BESS_01,vEleReserveCons_Down_SR,2024-09-20 08:29:00,0.0
period1,sc01,t0093,BESS_01,vEleReserveCons_Down_TR,2024-09-20 08:29:00,0.0
period1,sc01,t0093,BESS_01,vEleReserveProd_Up_SR,2024-09-20 08:29:00,0.0
period1,sc01,t0093,BESS_01,vEleReserveProd_Up_TR,2024-09-20 08:29:00,0.0
period1,sc01,t0093,BESS_01,vEleReserveProd_Down_SR,2024-09-20 08:29:00,0.0
period1,sc01,t0093,BESS_01,vEleReserveProd_Down_TR,2024-09-20 08:29:00,0.0
period1,sc01,t0094,BESS_01,vEleReserveCons_Up_SR,2024-09-20 09:29:00,0.0
period1,sc01,t0094,BESS_01,vEleReserveCons_Up_TR,2024-09-20 09:29:00,0.0
period1,sc01,t0094,BESS_01,vEleReserveCons_Down_SR,2024-09-20 09:29:00,0.0
period1,sc01,t0094,BESS_01,vEleReserveCons_Down_TR,2024-09-20 09:29:00,0.0
period1,sc01,t0094,BESS_01,vEleReserveProd_Up_SR,2024-09-20 09:29:00,0.0
period1,sc01,t0094,BESS_01,vEleReserveProd_Up_TR,2024-09-20 09:29:00,0.0
period1,sc01,t0094,BESS_01,vEleReserveProd_Down_SR,2024-09-20 09:29:00,0.0
period1,sc01,t0094,BESS_01,vEleReserveProd_Down_TR,2024-09-20 09:29:00,0.0
period1,sc01,t0095,BESS_01,vEleReserveCons_Up_SR,2024-09-20 10:29:00,0.0
period1,sc01,t0095,BESS_01,vEleReserveCons_Up_TR,2024-09-20 10:29:00,0.0
period1,sc01,t0095,BESS_01,vEleReserveCons_Down_SR,2024-09-20 10:29:00,0.0
period1,sc01,t0095,BESS_01,vEleReserveCons_Down_TR,2024-09-20 10:29:00,0.0
period1,sc01,t0095,BESS_01,vEleReserveProd_Up_SR,2024-09-20 10:29:00,0.0
period1,sc01,t0095,BESS_01,vEleReserveProd_Up_TR,2024-09-20 10:29:00,0.0
period1,sc01,t0095,BESS_01,vEleReserveProd_Down_SR,2024-09-20 10:29:00,0.0
period1,sc01,t0095,BESS_01,vEleReserveProd_Down_TR,2024-09-20 10:29:00,0.0
period1,sc01,t0096,BESS_01,vEleReserveCons_Up_SR,2024-09-20 11:29:00,0.0
period1,sc01,t0096,BESS_01,vEleReserveCons_Up_TR,2024-09-20 11:29:00,0.0
period1,sc01,t0096,BESS_01,vEleReserveCons_Down_SR,2024-09-20 11:29:00,0.0
period1,sc01,t0096,BESS_01,vEleReserveCons_Down_TR,2024-09-20 11:29:00,0.0
period1,sc01,t0096,BESS_01,vEleReserveProd_Up_SR,2024-09-20 11:29:00,0.0
period1,sc01,t0096,BESS_01,vEleReserveProd_Up_TR,2024-09-20 11:29:00,0.0
period1,sc01,t0096,BESS_01,vEleReserveProd_Down_SR,2024-09-20 11:29:00,0.0
period1,sc01,t0096,BESS_01,vEleReserveProd_Down_TR,2024-09-20 11:29:00,0.0
period1,sc01,t0097,BESS_01,vEleReserveCons_Up_SR,2024-09-20 12:29:00,0.0
period1,sc01,t0097,BESS_01,vEleReserveCons_Up_TR,2024-09-20 12:29:00,0.0
period1,sc01,t0097,BESS_01,vEleReserveCons_Down_SR,2024-09-20 12:29:00,0.0
period1,sc01,t0097,BESS_01,vEleReserveCons_Down_TR,2024-09-20 12:29:00,0.0
period1,sc01,t0097,BESS_01,vEleReserveProd_Up_SR,2024-09-20 12:29:00,0.0
period1,sc01,t0097,BESS_01,vEleReserveProd_Up_TR,2024-09-20 12:29:00,0.0
period1,sc01,t0097,BESS_01,vEleReserveProd_Down_SR,2024-09-20 12:29:00,0.0
period1,sc01,t0097,BESS_01,vEleReserveProd_Down_TR,2024-09-20 12:29:00,0.0
period1,sc01,t0098,BESS_01,vEleReserveCons_Up_SR,2024-09-20 13:29:00,0.0
period1,sc01,t0098,BESS_01,vEleReserveCons_Up_TR,2024-09-20 13:29:00,0.0
period1,sc01,t0098,BESS_01,vEleReserveCons_Down_SR,2024-09-20 13:29:00,0.0
period1,sc01,t0098,BESS_01,vEleReserveCons_Down_TR,2024-09-20 13:29:00,0.0
period1,sc01,t0098,BESS_01,vEleReserveProd_Up_SR,2024-09-20 13:29:00,0.0
period1,sc01,t0098,BESS_01,vEleReserveProd_Up_TR,2024-09-20 13:29:00,0.0
period1,sc01,t0098,BESS_01,vEleReserveProd_Down_SR,2024-09-20 13:29:00,0.0
period1,sc01,t0098,BESS_01,vEleReserveProd_Down_TR,2024-09-20 13:29:00,0.0
period1,sc01,t0099,BESS_01,vEleReserveCons_Up_SR,2024-09-20 14:29:00,0.0
period1,sc01,t0099,BESS_01,vEleReserveCons_Up_TR,2024-09-20 14:29:00,0.0
period1,sc01,t0099,BESS_01,vEleReserveCons_Down_SR,2024-09-20 14:29:00,0.0
period1,sc01,t0099,BESS_01,vEleReserveCons_Down_TR,2024-09-20 14:29:00,0.0
period1,sc01,t0099,BESS_01,vEleReserveProd_Up_SR,2024-09-20 14:29:00,0.0
period1,sc01,t0099,BESS_01,vEleReserveProd_Up_TR,2024-09-20 14:29:00,0.0
period1,sc01,t0099,BESS_01,vEleReserveProd_Down_SR,2024-09-20 14:29:00,0.0
period1,sc01,t0099,BESS_01,vEleReserveProd_Down_TR,2024-09-20 14:29:00,0.0
period1,sc01,t0100,BESS_01,vEleReserveCons_Up_SR,2024-09-20 15:29:00,0.0
period1,sc01,t0100,BESS_01,vEleReserveCons_Up_TR,2024-09-20 15:29:00,0.0
period1,sc01,t0100,BESS_01,vEleReserveCons_Down_SR,2024-09-20 15:29:00,0.0
period1,sc01,t0100,BESS_01,vEleReserveCons_Down_TR,2024-09-20 15:29:00,0.0
period1,sc01,t0100,BESS_01,vEleReserveProd_Up_SR,2024-09-20 15:29:00,0.0
period1,sc01,t0100,BESS_01,vEleReserveProd_Up_TR,2024-09-20 15:29:00,0.0
period1,sc01,t0100,BESS_01,vEleReserveProd_Down_SR,2024-09-20 15:29:00,0.0
period1,sc01,t0100,BESS_01,vEleReserveProd_Down_TR,2024-09-20 15:29:00,0.0
period1,sc01,t0101,BESS_01,vEleReserveCons_Up_SR,2024-09-20 16:29:00,0.0
period1,sc01,t0101,BESS_01,vEleReserveCons_Up_TR,2024-09-20 16:29:00,0.0
period1,sc01,t0101,BESS_01,vEleReserveCons_Down_SR,2024-09-20 16:29:00,0.0
period1,sc01,t0101,BESS_01,vEleReserveCons_Down_TR,2024-09-20 16:29:00,0.0
period1,sc01,t0101,BESS_01,vEleReserveProd_Up_SR,2024-09-20 16:29:00,0.0
period1,sc01,t0101,BESS_01,vEleReserveProd_Up_TR,2024-09-20 16:29:00,0.0
period1,sc01,t0101,BESS_01,vEleReserveProd_Down_SR,2024-09-20 16:29:00,0.0
period1,sc01,t0101,BESS_01,vEleReserveProd_Down_TR,2024-09-20 16:29:00,0.0
period1,sc01,t0102,BESS_01,vEleReserveCons_Up_SR,2024-09-20 17:29:00,0.0
period1,sc01,t0102,BESS_01,vEleReserveCons_Up_TR,2024-09-20 17:29:00,0.0
period1,sc01,t0102,BESS_01,vEleReserveCons_Down_SR,2024-09-20 17:29:00,0.0
period1,sc01,t0102,BESS_01,vEleReserveCons_Down_TR,2024-09-20 17:29:00,0.0
period1,sc01,t0102,BESS_01,vEleReserveProd_Up_SR,2024-09-20 17:29:00,0.0
period1,sc01,t0102,BESS_01,vEleReserveProd_Up_TR,2024-09-20 17:29:00,0.0
period1,sc01,t0102,BESS_01,vEleReserveProd_Down_SR,2024-09-20 17:29:00,0.0
period1,sc01,t0102,BESS_01,vEleReserveProd_Down_TR,2024-09-20 17:29:00,0.0
period1,sc01,t0103,BESS_01,vEleReserveCons_Up_SR,2024-09-20 18:29:00,0.0
period1,sc01,t0103,BESS_01,vEleReserveCons_Up_TR,2024-09-20 18:29:00,0.0
period1,sc01,t0103,BESS_01,vEleReserveCons_Down_SR,2024-09-20 18:29:00,0.0
period1,sc01,t0103,BESS_01,vEleReserveCons_Down_TR,2024-09-20 18:29:00,0.0
period1,sc01,t0103,BESS_01,vEleReserveProd_Up_SR,2024-09-20 18:29:00,0.0
period1,sc01,t0103,BESS_01,vEleReserveProd_Up_TR,2024-09-20 18:29:00,0.0
period1,sc01,t0103,BESS_01,vEleReserveProd_Down_SR,2024-09-20 18:29:00,0.0
period1,sc01,t0103,BESS_01,vEleReserveProd_Down_TR,2024-09-20 18:29:00,0.0
period1,sc01,t0104,BESS_01,vEleReserveCons_Up_SR,2024-09-20 19:29:00,0.0
period1,sc01,t0104,BESS_01,vEleReserveCons_Up_TR,2024-09-20 19:29:00,0.0
period1,sc01,t0104,BESS_01,vEleReserveCons_Down_SR,2024-09-20 19:29:00,0.0
period1,sc01,t0104,BESS_01,vEleReserveCons_Down_TR,2024-09-20 19:29:00,0.0
period1,sc01,t0104,BESS_01,vEleReserveProd_Up_SR,2024-09-20 19:29:00,0.0
period1,sc01,t0104,BESS_01,vEleReserveProd_Up_TR,2024-09-20 19:29:00,0.0
period1,sc01,t0104,BESS_01,vEleReserveProd_Down_SR,2024-09-20 19:29:00,0.0
period1,sc01,t0104,BESS_01,vEleReserveProd_Down_TR,2024-09-20 19:29:00,0.0
period1,sc01,t0105,BESS_01,vEleReserveCons_Up_SR,2024-09-20 20:29:00,0.0
period1,sc01,t0105,BESS_01,vEleReserveCons_Up_TR,2024-09-20 20:29:00,0.0
period1,sc01,t0105,BESS_01,vEleReserveCons_Down_SR,2024-09-20 20:29:00,0.0
period1,sc01,t0105,BESS_01,vEleReserveCons_Down_TR,2024-09-20 20:29:00,0.0
period1,sc01,t0105,BESS_01,vEleReserveProd_Up_SR,2024-09-20 20:29:00,0.0
period1,sc01,t0105,BESS_01,vEleReserveProd_Up_TR,2024-09-20 20:29:00,0.0
period1,sc01,t0105,BESS_01,vEleReserveProd_Down_SR,2024-09-20 20:29:00,0.0
period1,sc01,t0105,BESS_01,vEleReserveProd_Down_TR,2024-09-20 20:29:00,0.0
period1,sc01,t0106,BESS_01,vEleReserveCons_Up_SR,2024-09-20 21:29:00,0.0
period1,sc01,t0106,BESS_01,vEleReserveCons_Up_TR,2024-09-20 21:29:00,0.0
period1,sc01,t0106,BESS_01,vEleReserveCons_Down_SR,2024-09-20 21:29:00,0.0
period1,sc01,t0106,BESS_01,vEleReserveCons_Down_TR,2024-09-20 21:29:00,0.0
period1,sc01,t0106,BESS_01,vEleReserveProd_Up_SR,2024-09-20 21:29:00,0.0
period1,sc01,t0106,BESS_01,vEleReserveProd_Up_TR,2024-09-20 21:29:00,0.0
period1,sc01,t0106,BESS_01,vEleReserveProd_Down_SR,2024-09-20 21:29:00,0.0
period1,sc01,t0106,BESS_01,vEleReserveProd_Down_TR,2024-09-20 21:29:00,0.0
period1,sc01,t0107,BESS_01,vEleReserveCons_Up_SR,2024-09-20 22:29:00,0.0
period1,sc01,t0107,BESS_01,vEleReserveCons_Up_TR,2024-09-20 22:29:00,0.0
period1,sc01,t0107,BESS_01,vEleReserveCons_Down_SR,2024-09-20 22:29:00,0.0
period1,sc01,t0107,BESS_01,vEleReserveCons_Down_TR,2024-09-20 22:29:00,0.0
period1,sc01,t0107,BESS_01,vEleReserveProd_Up_SR,2024-09-20 22:29:00,0.0
period1,sc01,t0107,BESS_01,vEleReserveProd_Up_TR,2024-09-20 22:29:00,0.0
period1,sc01,t0107,BESS_01,vEleReserveProd_Down_SR,2024-09-20 22:29:00,0.0
period1,sc01,t0107,BESS_01,vEleReserveProd_Down_TR,2024-09-20 22:29:00,0.0
period1,sc01,t0108,BESS_01,vEleReserveCons_Up_SR,2024-09-20 23:29:00,0.0
period1,sc01,t0108,BESS_01,vEleReserveCons_Up_TR,2024-09-20 23:29:00,0.0
period1,sc01,t0108,BESS_01,vEleReserveCons_Down_SR,2024-09-20 23:29:00,0.0
period1,sc01,t0108,BESS_01,vEleReserveCons_Down_TR,2024-09-20 23:29:00,0.0
period1,sc01,t0108,BESS_01,vEleReserveProd_Up_SR,2024-09-20 23:29:00,0.0
period1,sc01,t0108,BESS_01,vEleReserveProd_Up_TR,2024-09-20 23:29:00,0.0
period1,sc01,t0108,BESS_01,vEleReserveProd_Down_SR,2024-09-20 23:29:00,0.0
period1,sc01,t0108,BESS_01,vEleReserveProd_Down_TR,2024-09-20 23:29:00,0.0
period1,sc01,t0109,BESS_01,vEleReserveCons_Up_SR,2024-09-21 00:29:00,0.0
period1,sc01,t0109,BESS_01,vEleReserveCons_Up_TR,2024-09-21 00:29:00,0.0
period1,sc01,t0109,BESS_01,vEleReserveCons_Down_SR,2024-09-21 00:29:00,0.0
period1,sc01,t0109,BESS_01,vEleReserveCons_Down_TR,2024-09-21 00:29:00,0.0
period1,sc01,t0109,BESS_01,vEleReserveProd_Up_SR,2024-09-21 00:29:00,0.0
period1,sc01,t0109,BESS_01,vEleReserveProd_Up_TR,2024-09-21 00:29:00,0.0
period1,sc01,t0109,BESS_01,vEleReserveProd_Down_SR,2024-09-21 00:29:00,0.0
period1,sc01,t0109,BESS_01,vEleReserveProd_Down_TR,2024-09-21 00:29:00,0.0
period1,sc01,t0110,BESS_01,vEleReserveCons_Up_SR,2024-09-21 01:29:00,0.0
period1,sc01,t0110,BESS_01,vEleReserveCons_Up_TR,2024-09-21 01:29:00,0.0
period1,sc01,t0110,BESS_01,vEleReserveCons_Down_SR,2024-09-21 01:29:00,0.0
period1,sc01,t0110,BESS_01,vEleReserveCons_Down_TR,2024-09-21 01:29:00,0.0
period1,sc01,t0110,BESS_01,vEleReserveProd_Up_SR,2024-09-21 01:29:00,0.0
period1,sc01,t0110,BESS_01,vEleReserveProd_Up_TR,2024-09-21 01:29:00,0.0
period1,sc01,t0110,BESS_01,vEleReserveProd_Down_SR,2024-09-21 01:29:00,0.0
period1,sc01,t0110,BESS_01,vEleReserveProd_Down_TR,2024-09-21 01:29:00,0.0
period1,sc01,t0111,BESS_01,vEleReserveCons_Up_SR,2024-09-21 02:29:00,0.0
period1,sc01,t0111,BESS_01,vEleReserveCons_Up_TR,2024-09-21 02:29:00,0.0
period1,sc01,t0111,BESS_01,vEleReserveCons_Down_SR,2024-09-21 02:29:00,0.0
period1,sc01,t0111,BESS_01,vEleReserveCons_Down_TR,2024-09-21 02:29:00,0.0
period1,sc01,t0111,BESS_01,vEleReserveProd_Up_SR,2024-09-21 02:29:00,0.0
period1,sc01,t0111,BESS_01,vEleReserveProd_Up_TR,2024-09-21 02:29:00,0.0
period1,sc01,t0111,BESS_01,vEleReserveProd_Down_SR,2024-09-21 02:29:00,0.0
period1,sc01,t0111,BESS_01,vEleReserveProd_Down_TR,2024-09-21 02:29:00,0.0
period1,sc01,t0112,BESS_01,vEleReserveCons_Up_SR,2024-09-21 03:29:00,0.0
period1,sc01,t0112,BESS_01,vEleReserveCons_Up_TR,2024-09-21 03:29:00,0.0
period1,sc01,t0112,BESS_01,vEleReserveCons_Down_SR,2024-09-21 03:29:00,0.0
period1,sc01,t0112,BESS_01,vEleReserveCons_Down_TR,2024-09-21 03:29:00,0.0
period1,sc01,t0112,BESS_01,vEleReserveProd_Up_SR,2024-09-21 03:29:00,0.0
period1,sc01,t0112,BESS_01,vEleReserveProd_Up_TR,2024-09-21 03:29:00,0.0
period1,sc01,t0112,BESS_01,vEleReserveProd_Down_SR,2024-09-21 03:29:00,0.0
period1,sc01,t0112,BESS_01,vEleReserveProd_Down_TR,2024-09-21 03:29:00,0.0
period1,sc01,t0113,BESS_01,vEleReserveCons_Up_SR,2024-09-21 04:29:00,0.0
period1,sc01,t0113,BESS_01,vEleReserveCons_Up_TR,2024-09-21 04:29:00,0.0
period1,sc01,t0113,BESS_01,vEleReserveCons_Down_SR,2024-09-21 04:29:00,0.0
period1,sc01,t0113,BESS_01,vEleReserveCons_Down_TR,2024-09-21 04:29:00,0.0
period1,sc01,t0113,BESS_01,vEleReserveProd_Up_SR,2024-09-21 04:29:00,0.0
period1,sc01,t0113,BESS_01,vEleReserveProd_Up_TR,2024-09-21 04:29:00,0.0
period1,sc01,t0113,BESS_01,vEleReserveProd_Down_SR,2024-09-21 04:29:00,0.0
period1,sc01,t0113,BESS_01,vEleReserveProd_Down_TR,2024-09-21 04:29:00,0.0
period1,sc01,t0114,BESS_01,vEleReserveCons_Up_SR,2024-09-21 05:29:00,0.0
period1,sc01,t0114,BESS_01,vEleReserveCons_Up_TR,2024-09-21 05:29:00,0.0
period1,sc01,t0114,BESS_01,vEleReserveCons_Down_SR,2024-09-21 05:29:00,0.0
period1,sc01,t0114,BESS_01,vEleReserveCons_Down_TR,2024-09-21 05:29:00,0.0
period1,sc01,t0114,BESS_01,vEleReserveProd_Up_SR,2024-09-21 05:29:00,0.0
period1,sc01,t0114,BESS_01,vEleReserveProd_Up_TR,2024-09-21 05:29:00,0.0
period1,sc01,t0114,BESS_01,vEleReserveProd_Down_SR,2024-09-21 05:29:00,0.0
period1,sc01,t0114,BESS_01,vEleReserveProd_Down_TR,2024-09-21 05:29:00,0.0
period1,sc01,t0115,BESS_01,vEleReserveCons_Up_SR,2024-09-21 06:29:00,0.0
period1,sc01,t0115,BESS_01,vEleReserveCons_Up_TR,2024-09-21 06:29:00,0.0
period1,sc01,t0115,BESS_01,vEleReserveCons_Down_SR,2024-09-21 06:29:00,0.0
period1,sc01,t0115,BESS_01,vEleReserveCons_Down_TR,2024-09-21 06:29:00,0.0
period1,sc01,t0115,BESS_01,vEleReserveProd_Up_SR,2024-09-21 06:29:00,0.0
period1,sc01,t0115,BESS_01,vEleReserveProd_Up_TR,2024-09-21 06:29:00,0.0
period1,sc01,t0115,BESS_01,vEleReserveProd_Down_SR,2024-09-21 06:29:00,0.0
period1,sc01,t0115,BESS_01,vEleReserveProd_Down_TR,2024-09-21 06:29:00,0.0
period1,sc01,t0116,BESS_01,vEleReserveCons_Up_SR,2024-09-21 07:29:00,0.0
period1,sc01,t0116,BESS_01,vEleReserveCons_Up_TR,2024-09-21 07:29:00,0.0
period1,sc01,t0116,BESS_01,vEleReserveCons_Down_SR,2024-09-21 07:29:00,0.0
period1,sc01,t0116,BESS_01,vEleReserveCons_Down_TR,2024-09-21 07:29:00,0.0
period1,sc01,t0116,BESS_01,vEleReserveProd_Up_SR,2024-09-21 07:29:00,0.0
period1,sc01,t0116,BESS_01,vEleReserveProd_Up_TR,2024-09-21 07:29:00,0.0
period1,sc01,t0116,BESS_01,vEleReserveProd_Down_SR,2024-09-21 07:29:00,0.0
period1,sc01,t0116,BESS_01,vEleReserveProd_Down_TR,2024-09-21 07:29:00,0.0
period1,sc01,t0117,BESS_01,vEleReserveCons_Up_SR,2024-09-21 08:29:00,0.0
period1,sc01,t0117,BESS_01,vEleReserveCons_Up_TR,2024-09-21 08:29:00,0.0
period1,sc01,t0117,BESS_01,vEleReserveCons_Down_SR,2024-09-21 08:29:00,0.0
period1,sc01,t0117,BESS_01,vEleReserveCons_Down_TR,2024-09-21 08:29:00,0.0
period1,sc01,t0117,BESS_01,vEleReserveProd_Up_SR,2024-09-21 08:29:00,0.0
period1,sc01,t0117,BESS_01,vEleReserveProd_Up_TR,2024-09-21 08:29:00,0.0
period1,sc01,t0117,BESS_01,vEleReserveProd_Down_SR,2024-09-21 08:29:00,0.0
period1,sc01,t0117,BESS_01,vEleReserveProd_Down_TR,2024-09-21 08:29:00,0.0
period1,sc01,t0118,BESS_01,vEleReserveCons_Up_SR,2024-09-21 09:29:00,0.0
period1,sc01,t0118,BESS_01,vEleReserveCons_Up_TR,2024-09-21 09:29:00,0.0
period1,sc01,t0118,BESS_01,vEleReserveCons_Down_SR,2024-09-21 09:29:00,0.0
period1,sc01,t0118,BESS_01,vEleReserveCons_Down_TR,2024-09-21 09:29:00,0.0
period1,sc01,t0118,BESS_01,vEleReserveProd_Up_SR,2024-09-21 09:29:00,0.0
period1,sc01,t0118,BESS_01,vEleReserveProd_Up_TR,2024-09-21 09:29:00,0.0
period1,sc01,t0118,BESS_01,vEleReserveProd_Down_SR,2024-09-21 09:29:00,0.0
period1,sc01,t0118,BESS_01,vEleReserveProd_Down_TR,2024-09-21 09:29:00,0.0
period1,sc01,t0119,BESS_01,vEleReserveCons_Up_SR,2024-09-21 10:29:00,0.0
period1,sc01,t0119,BESS_01,vEleReserveCons_Up_TR,2024-09-21 10:29:00,0.0
period1,sc01,t0119,BESS_01,vEleReserveCons_Down_SR,2024-09-21 10:29:00,0.0
period1,sc01,t0119,BESS_01,vEleReserveCons_Down_TR,2024-09-21 10:29:00,0.0
period1,sc01,t0119,BESS_01,vEleReserveProd_Up_SR,2024-09-21 10:29:00,0.0
period1,sc01,t0119,BESS_01,vEleReserveProd_Up_TR,2024-09-21 10:29:00,0.0
period1,sc01,t0119,BESS_01,vEleReserveProd_Down_SR,2024-09-21 10:29:00,0.0
period1,sc01,t0119,BESS_01,vEleReserveProd_Down_TR,2024-09-21 10:29:00,0.0
period1,sc01,t0120,BESS_01,vEleReserveCons_Up_SR,2024-09-21 11:29:00,0.0
period1,sc01,t0120,BESS_01,vEleReserveCons_Up_TR,2024-09-21 11:29:00,0.0
period1,sc01,t0120,BESS_01,vEleReserveCons_Down_SR,2024-09-21 11:29:00,0.0
period1,sc01,t0120,BESS_01,vEleReserveCons_Down_TR,2024-09-21 11:29:00,0.0
period1,sc01,t0120,BESS_01,vEleReserveProd_Up_SR,2024-09-21 11:29:00,0.0
period1,sc01,t0120,BESS_01,vEleReserveProd_Up_TR,2024-09-21 11:29:00,0.0
period1,sc01,t0120,BESS_01,vEleReserveProd_Down_SR,2024-09-21 11:29:00,0.0
period1,sc01,t0120,BESS_01,vEleReserveProd_Down_TR,2024-09-21 11:29:00,0.0
period1,sc01,t0121,BESS_01,vEleReserveCons_Up_SR,2024-09-21 12:29:00,0.0
period1,sc01,t0121,BESS_01,vEleReserveCons_Up_TR,2024-09-21 12:29:00,0.0
period1,sc01,t0121,BESS_01,vEleReserveCons_Down_SR,2024-09-21 12:29:00,0.0
period1,sc01,t0121,BESS_01,vEleReserveCons_Down_TR,2024-09-21 12:29:00,0.0
period1,sc01,t0121,BESS_01,vEleReserveProd_Up_SR,2024-09-21 12:29:00,0.0
period1,sc01,t0121,BESS_01,vEleReserveProd_Up_TR,2024-09-21 12:29:00,0.0
period1,sc01,t0121,BESS_01,vEleReserveProd_Down_SR,2024-09-21 12:29:00,0.0
period1,sc01,t0121,BESS_01,vEleReserveProd_Down_TR,2024-09-21 12:29:00,0.0
period1,sc01,t0122,BESS_01,vEleReserveCons_Up_SR,2024-09-21 13:29:00,0.0
period1,sc01,t0122,BESS_01,vEleReserveCons_Up_TR,2024-09-21 13:29:00,0.0
period1,sc01,t0122,BESS_01,vEleReserveCons_Down_SR,2024-09-21 13:29:00,0.0
period1,sc01,t0122,BESS_01,vEleReserveCons_Down_TR,2024-09-21 13:29:00,0.0
period1,sc01,t0122,BESS_01,vEleReserveProd_Up_SR,2024-09-21 13:29:00,0.0
period1,sc01,t0122,BESS_01,vEleReserveProd_Up_TR,2024-09-21 13:29:00,0.0
period1,sc01,t0122,BESS_01,vEleReserveProd_Down_SR,2024-09-21 13:29:00,0.0
period1,sc01,t0122,BESS_01,vEleReserveProd_Down_TR,2024-09-21 13:29:00,0.0
period1,sc01,t0123,BESS_01,vEleReserveCons_Up_SR,2024-09-21 14:29:00,0.0
period1,sc01,t0123,BESS_01,vEleReserveCons_Up_TR,2024-09-21 14:29:00,0.0
period1,sc01,t0123,BESS_01,vEleReserveCons_Down_SR,2024-09-21 14:29:00,0.0
period1,sc01,t0123,BESS_01,vEleReserveCons_Down_TR,2024-09-21 14:29:00,0.0
period1,sc01,t0123,BESS_01,vEleReserveProd_Up_SR,2024-09-21 14:29:00,0.0
period1,sc01,t0123,BESS_01,vEleReserveProd_Up_TR,2024-09-21 14:29:00,0.0
period1,sc01,t0123,BESS_01,vEleReserveProd_Down_SR,2024-09-21 14:29:00,0.0
period1,sc01,t0123,BESS_01,vEleReserveProd_Down_TR,2024-09-21 14:29:00,0.0
period1,sc01,t0124,BESS_01,vEleReserveCons_Up_SR,2024-09-21 15:29:00,0.0
period1,sc01,t0124,BESS_01,vEleReserveCons_Up_TR,2024-09-21 15:29:00,0.0
period1,sc01,t0124,BESS_01,vEleReserveCons_Down_SR,2024-09-21 15:29:00,0.0
period1,sc01,t0124,BESS_01,vEleReserveCons_Down_TR,2024-09-21 15:29:00,0.0
period1,sc01,t0124,BESS_01,vEleReserveProd_Up_SR,2024-09-21 15:29:00,0.0
period1,sc01,t0124,BESS_01,vEleReserveProd_Up_TR,2024-09-21 15:29:00,0.0
period1,sc01,t0124,BESS_01,vEleReserveProd_Down_SR,2024-09-21 15:29:00,0.0
period1,sc01,t0124,BESS_01,vEleReserveProd_Down_TR,2024-09-21 15:29:00,0.0
period1,sc01,t0125,BESS_01,vEleReserveCons_Up_SR,2024-09-21 16:29:00,0.0
period1,sc01,t0125,BESS_01,vEleReserveCons_Up_TR,2024-09-21 16:29:00,0.0
period1,sc01,t0125,BESS_01,vEleReserveCons_Down_SR,2024-09-21 16:29:00,0.0
period1,sc01,t0125,BESS_01,vEleReserveCons_Down_TR,2024-09-21 16:29:00,0.0
period1,sc01,t0125,BESS_01,vEleReserveProd_Up_SR,2024-09-21 16:29:00,0.0
period1,sc01,t0125,BESS_01,vEleReserveProd_Up_TR,2024-09-21 16:29:00,0.0
period1,sc01,t0125,BESS_01,vEleReserveProd_Down_SR,2024-09-21 16:29:00,0.0
period1,sc01,t0125,BESS_01,vEleReserveProd_Down_TR,2024-09-21 16:29:00,0.0
period1,sc01,t0126,BESS_01,vEleReserveCons_Up_SR,2024-09-21 17:29:00,0.0
period1,sc01,t0126,BESS_01,vEleReserveCons_Up_TR,2024-09-21 17:29:00,0.0
period1,sc01,t0126,BESS_01,vEleReserveCons_Down_SR,2024-09-21 17:29:00,0.0
period1,sc01,t0126,BESS_01,vEleReserveCons_Down_TR,2024-09-21 17:29:00,0.0
period1,sc01,t0126,BESS_01,vEleReserveProd_Up_SR,2024-09-21 17:29:00,0.0
period1,sc01,t0126,BESS_01,vEleReserveProd_Up_TR,2024-09-21 17:29:00,0.0
period1,sc01,t0126,BESS_01,vEleReserveProd_Down_SR,2024-09-21 17:29:00,0.0
period1,sc01,t0126,BESS_01,vEleReserveProd_Down_TR,2024-09-21 17:29:00,0.0
period1,sc01,t0127,BESS_01,vEleReserveCons_Up_SR,2024-09-21 18:29:00,0.0
period1,sc01,t0127,BESS_01,vEleReserveCons_Up_TR,2024-09-21 18:29:00,0.0
period1,sc01,t0127,BESS_01,vEleReserveCons_Down_SR,2024-09-21 18:29:00,0.0
period1,sc01,t0127,BESS_01,vEleReserveCons_Down_TR,2024-09-21 18:29:00,0.0
period1,sc01,t0127,BESS_01,vEleReserveProd_Up_SR,2024-09-21 18:29:00,0.0
period1,sc01,t0127,BESS_01,vEleReserveProd_Up_TR,2024-09-21 18:29:00,0.0
period1,sc01,t0127,BESS_01,vEleReserveProd_Down_SR,2024-09-21 18:29:00,0.0
period1,sc01,t0127,BESS_01,vEleReserveProd_Down_TR,2024-09-21 18:29:00,0.0
period1,sc01,t0128,BESS_01,vEleReserveCons_Up_SR,2024-09-21 19:29:00,0.0
period1,sc01,t0128,BESS_01,vEleReserveCons_Up_TR,2024-09-21 19:29:00,0.0
period1,sc01,t0128,BESS_01,vEleReserveCons_Down_SR,2024-09-21 19:29:00,0.0
period1,sc01,t0128,BESS_01,vEleReserveCons_Down_TR,2024-09-21 19:29:00,0.0
period1,sc01,t0128,BESS_01,vEleReserveProd_Up_SR,2024-09-21 19:29:00,0.0
period1,sc01,t0128,BESS_01,vEleReserveProd_Up_TR,2024-09-21 19:29:00,0.0
period1,sc01,t0128,BESS_01,vEleReserveProd_Down_SR,2024-09-21 19:29:00,0.0
period1,sc01,t0128,BESS_01,vEleReserveProd_Down_TR,2024-09-21 19:29:00,0.0
period1,sc01,t0129,BESS_01,vEleReserveCons_Up_SR,2024-09-21 20:29:00,0.0
period1,sc01,t0129,BESS_01,vEleReserveCons_Up_TR,2024-09-21 20:29:00,0.0
period1,sc01,t0129,BESS_01,vEleReserveCons_Down_SR,2024-09-21 20:29:00,0.0
period1,sc01,t0129,BESS_01,vEleReserveCons_Down_TR,2024-09-21 20:29:00,0.0
period1,sc01,t0129,BESS_01,vEleReserveProd_Up_SR,2024-09-21 20:29:00,0.0
period1,sc01,t0129,BESS_01,vEleReserveProd_Up_TR,2024-09-21 20:29:00,0.0
period1,sc01,t0129,BESS_01,vEleReserveProd_Down_SR,2024-09-21 20:29:00,0.0
period1,sc01,t0129,BESS_01,vEleReserveProd_Down_TR,2024-09-21 20:29:00,0.0
period1,sc01,t0130,BESS_01,vEleReserveCons_Up_SR,2024-09-21 21:29:00,0.0
period1,sc01,t0130,BESS_01,vEleReserveCons_Up_TR,2024-09-21 21:29:00,0.0
period1,sc01,t0130,BESS_01,vEleReserveCons_Down_SR,2024-09-21 21:29:00,0.0
period1,sc01,t0130,BESS_01,vEleReserveCons_Down_TR,2024-09-21 21:29:00,0.0
period1,sc01,t0130,BESS_01,vEleReserveProd_Up_SR,2024-09-21 21:29:00,0.0
period1,sc01,t0130,BESS_01,vEleReserveProd_Up_TR,2024-09-21 21:29:00,0.0
period1,sc01,t0130,BESS_01,vEleReserveProd_Down_SR,2024-09-21 21:29:00,0.0
period1,sc01,t0130,BESS_01,vEleReserveProd_Down_TR,2024-09-21 21:29:00,0.0
period1,sc01,t0131,BESS_01,vEleReserveCons_Up_SR,2024-09-21 22:29:00,0.0
period1,sc01,t0131,BESS_01,vEleReserveCons_Up_TR,2024-09-21 22:29:00,0.0
period1,sc01,t0131,BESS_01,vEleReserveCons_Down_SR,2024-09-21 22:29:00,0.0
period1,sc01,t0131,BESS_01,vEleReserveCons_Down_TR,2024-09-21 22:29:00,0.0
period1,sc01,t0131,BESS_01,vEleReserveProd_Up_SR,2024-09-21 22:29:00,0.0
period1,sc01,t0131,BESS_01,vEleReserveProd_Up_TR,2024-09-21 22:29:00,0.0
period1,sc01,t0131,BESS_01,vEleReserveProd_Down_SR,2024-09-21 22:29:00,0.0
period1,sc01,t0131,BESS_01,vEleReserveProd_Down_TR,2024-09-21 22:29:00,0.0
period1,sc01,t0132,BESS_01,vEleReserveCons_Up_SR,2024-09-21 23:29:00,0.0
period1,sc01,t0132,BESS_01,vEleReserveCons_Up_TR,2024-09-21 23:29:00,0.0
period1,sc01,t0132,BESS_01,vEleReserveCons_Down_SR,2024-09-21 23:29:00,0.0
period1,sc01,t0132,BESS_01,vEleReserveCons_Down_TR,2024-09-21 23:29:00,0.0
period1,sc01,t0132,BESS_01,vEleReserveProd_Up_SR,2024-09-21 23:29:00,0.0
period1,sc01,t0132,BESS_01,vEleReserveProd_Up_TR,2024-09-21 23:29:00,0.0
period1,sc01,t0132,BESS_01,vEleReserveProd_Down_SR,2024-09-21 23:29:00,0.0
period1,sc01,t0132,BESS_01,vEleReserveProd_Down_TR,2024-09-21 23:29:00,0.0
period1,sc01,t0133,BESS_01,vEleReserveCons_Up_SR,2024-09-22 00:29:00,0.0
period1,sc01,t0133,BESS_01,vEleReserveCons_Up_TR,2024-09-22 00:29:00,0.0
period1,sc01,t0133,BESS_01,vEleReserveCons_Down_SR,2024-09-22 00:29:00,0.0
period1,sc01,t0133,BESS_01,vEleReserveCons_Down_TR,2024-09-22 00:29:00,0.0
period1,sc01,t0133,BESS_01,vEleReserveProd_Up_SR,2024-09-22 00:29:00,0.0
period1,sc01,t0133,BESS_01,vEleReserveProd_Up_TR,2024-09-22 00:29:00,0.0
period1,sc01,t0133,BESS_01,vEleReserveProd_Down_SR,2024-09-22 00:29:00,0.0
period1,sc01,t0133,BESS_01,vEleReserveProd_Down_TR,2024-09-22 00:29:00,0.0
period1,sc01,t0134,BESS_01,vEleReserveCons_Up_SR,2024-09-22 01:29:00,0.0
period1,sc01,t0134,BESS_01,vEleReserveCons_Up_TR,2024-09-22 01:29:00,0.0
period1,sc01,t0134,BESS_01,vEleReserveCons_Down_SR,2024-09-22 01:29:00,0.0
period1,sc01,t0134,BESS_01,vEleReserveCons_Down_TR,2024-09-22 01:29:00,0.0
period1,sc01,t0134,BESS_01,vEleReserveProd_Up_SR,2024-09-22 01:29:00,0.0
period1,sc01,t0134,BESS_01,vEleReserveProd_Up_TR,2024-09-22 01:29:00,0.0
period1,sc01,t0134,BESS_01,vEleReserveProd_Down_SR,2024-09-22 01:29:00,0.0
period1,sc01,t0134,BESS_01,vEleReserveProd_Down_TR,2024-09-22 01:29:00,0.0
period1,sc01,t0135,BESS_01,vEleReserveCons_Up_SR,2024-09-22 02:29:00,0.0
period1,sc01,t0135,BESS_01,vEleReserveCons_Up_TR,2024-09-22 02:29:00,0.0
period1,sc01,t0135,BESS_01,vEleReserveCons_Down_SR,2024-09-22 02:29:00,0.0
period1,sc01,t0135,BESS_01,vEleReserveCons_Down_TR,2024-09-22 02:29:00,0.0
period1,sc01,t0135,BESS_01,vEleReserveProd_Up_SR,2024-09-22 02:29:00,0.0
period1,sc01,t0135,BESS_01,vEleReserveProd_Up_TR,2024-09-22 02:29:00,0.0
period1,sc01,t0135,BESS_01,vEleReserveProd_Down_SR,2024-09-22 02:29:00,0.0
period1,sc01,t0135,BESS_01,vEleReserveProd_Down_TR,2024-09-22 02:29:00,0.0
period1,sc01,t0136,BESS_01,vEleReserveCons_Up_SR,2024-09-22 03:29:00,0.0
period1,sc01,t0136,BESS_01,vEleReserveCons_Up_TR,2024-09-22 03:29:00,0.0
period1,sc01,t0136,BESS_01,vEleReserveCons_Down_SR,2024-09-22 03:29:00,0.0
period1,sc01,t0136,BESS_01,vEleReserveCons_Down_TR,2024-09-22 03:29:00,0.0
period1,sc01,t0136,BESS_01,vEleReserveProd_Up_SR,2024-09-22 03:29:00,0.0
period1,sc01,t0136,BESS_01,vEleReserveProd_Up_TR,2024-09-22 03:29:00,0.0
period1,sc01,t0136,BESS_01,vEleReserveProd_Down_SR,2024-09-22 03:29:00,0.0
period1,sc01,t0136,BESS_01,vEleReserveProd_Down_TR,2024-09-22 03:29:00,0.0
period1,sc01,t0137,BESS_01,vEleReserveCons_Up_SR,2024-09-22 04:29:00,0.0
period1,sc01,t0137,BESS_01,vEleReserveCons_Up_TR,2024-09-22 04:29:00,0.0
period1,sc01,t0137,BESS_01,vEleReserveCons_Down_SR,2024-09-22 04:29:00,0.0
period1,sc01,t0137,BESS_01,vEleReserveCons_Down_TR,2024-09-22 04:29:00,0.0
period1,sc01,t0137,BESS_01,vEleReserveProd_Up_SR,2024-09-22 04:29:00,0.0
period1,sc01,t0137,BESS_01,vEleReserveProd_Up_TR,2024-09-22 04:29:00,0.0
period1,sc01,t0137,BESS_01,vEleReserveProd_Down_SR,2024-09-22 04:29:00,0.0
period1,sc01,t0137,BESS_01,vEleReserveProd_Down_TR,2024-09-22 04:29:00,0.0
period1,sc01,t0138,BESS_01,vEleReserveCons_Up_SR,2024-09-22 05:29:00,0.0
period1,sc01,t0138,BESS_01,vEleReserveCons_Up_TR,2024-09-22 05:29:00,0.0
period1,sc01,t0138,BESS_01,vEleReserveCons_Down_SR,2024-09-22 05:29:00,0.0
period1,sc01,t0138,BESS_01,vEleReserveCons_Down_TR,2024-09-22 05:29:00,0.0
period1,sc01,t0138,BESS_01,vEleReserveProd_Up_SR,2024-09-22 05:29:00,0.0
period1,sc01,t0138,BESS_01,vEleReserveProd_Up_TR,2024-09-22 05:29:00,0.0
period1,sc01,t0138,BESS_01,vEleReserveProd_Down_SR,2024-09-22 05:29:00,0.0
period1,sc01,t0138,BESS_01,vEleReserveProd_Down_TR,2024-09-22 05:29:00,0.0
period1,sc01,t0139,BESS_01,vEleReserveCons_Up_SR,2024-09-22 06:29:00,0.0
period1,sc01,t0139,BESS_01,vEleReserveCons_Up_TR,2024-09-22 06:29:00,0.0
period1,sc01,t0139,BESS_01,vEleReserveCons_Down_SR,2024-09-22 06:29:00,0.0
period1,sc01,t0139,BESS_01,vEleReserveCons_Down_TR,2024-09-22 06:29:00,0.0
period1,sc01,t0139,BESS_01,vEleReserveProd_Up_SR,2024-09-22 06:29:00,0.0
period1,sc01,t0139,BESS_01,vEleReserveProd_Up_TR,2024-09-22 06:29:00,0.0
period1,sc01,t0139,BESS_01,vEleReserveProd_Down_SR,2024-09-22 06:29:00,0.0
period1,sc01,t0139,BESS_01,vEleReserveProd_Down_TR,2024-09-22 06:29:00,0.0
period1,sc01,t0140,BESS_01,vEleReserveCons_Up_SR,2024-09-22 07:29:00,0.0
period1,sc01,t0140,BESS_01,vEleReserveCons_Up_TR,2024-09-22 07:29:00,0.0
period1,sc01,t0140,BESS_01,vEleReserveCons_Down_SR,2024-09-22 07:29:00,0.0
period1,sc01,t0140,BESS_01,vEleReserveCons_Down_TR,2024-09-22 07:29:00,0.0
period1,sc01,t0140,BESS_01,vEleReserveProd_Up_SR,2024-09-22 07:29:00,0.0
period1,sc01,t0140,BESS_01,vEleReserveProd_Up_TR,2024-09-22 07:29:00,0.0
period1,sc01,t0140,BESS_01,vEleReserveProd_Down_SR,2024-09-22 07:29:00,0.0
period1,sc01,t0140,BESS_01,vEleReserveProd_Down_TR,2024-09-22 07:29:00,0.0
period1,sc01,t0141,BESS_01,vEleReserveCons_Up_SR,2024-09-22 08:29:00,0.0
period1,sc01,t0141,BESS_01,vEleReserveCons_Up_TR,2024-09-22 08:29:00,0.0
period1,sc01,t0141,BESS_01,vEleReserveCons_Down_SR,2024-09-22 08:29:00,0.0
period1,sc01,t0141,BESS_01,vEleReserveCons_Down_TR,2024-09-22 08:29:00,0.0
period1,sc01,t0141,BESS_01,vEleReserveProd_Up_SR,2024-09-22 08:29:00,0.0
period1,sc01,t0141,BESS_01,vEleReserveProd_Up_TR,2024-09-22 08:29:00,0.0
period1,sc01,t0141,BESS_01,vEleReserveProd_Down_SR,2024-09-22 08:29:00,0.0
period1,sc01,t0141,BESS_01,vEleReserveProd_Down_TR,2024-09-22 08:29:00,0.0
period1,sc01,t0142,BESS_01,vEleReserveCons_Up_SR,2024-09-22 09:29:00,0.0
period1,sc01,t0142,BESS_01,vEleReserveCons_Up_TR,2024-09-22 09:29:00,0.0
period1,sc01,t0142,BESS_01,vEleReserveCons_Down_SR,2024-09-22 09:29:00,0.0
period1,sc01,t0142,BESS_01,vEleReserveCons_Down_TR,2024-09-22 09:29:00,0.0
period1,sc01,t0142,BESS_01,vEleReserveProd_Up_SR,2024-09-22 09:29:00,0.0
period1,sc01,t0142,BESS_01,vEleReserveProd_Up_TR,2024-09-22 09:29:00,0.0
period1,sc01,t0142,BESS_01,vEleReserveProd_Down_SR,2024-09-22 09:29:00,0.0
period1,sc01,t0142,BESS_01,vEleReserveProd_Down_TR,2024-09-22 09:29:00,0.0
period1,sc01,t0143,BESS_01,vEleReserveCons_Up_SR,2024-09-22 10:29:00,0.0
period1,sc01,t0143,BESS_01,vEleReserveCons_Up_TR,2024-09-22 10:29:00,0.0
period1,sc01,t0143,BESS_01,vEleReserveCons_Down_SR,2024-09-22 10:29:00,0.0
period1,sc01,t0143,BESS_01,vEleReserveCons_Down_TR,2024-09-22 10:29:00,0.0
period1,sc01,t0143,BESS_01,vEleReserveProd_Up_SR,2024-09-22 10:29:00,0.0
period1,sc01,t0143,BESS_01,vEleReserveProd_Up_TR,2024-09-22 10:29:00,0.0
period1,sc01,t0143,BESS_01,vEleReserveProd_Down_SR,2024-09-22 10:29:00,0.0
period1,sc01,t0143,BESS_01,vEleReserveProd_Down_TR,2024-09-22 10:29:00,0.0
period1,sc01,t0144,BESS_01,vEleReserveCons_Up_SR,2024-09-22 11:29:00,0.0
period1,sc01,t0144,BESS_01,vEleReserveCons_Up_TR,2024-09-22 11:29:00,0.0
period1,sc01,t0144,BESS_01,vEleReserveCons_Down_SR,2024-09-22 11:29:00,0.0
period1,sc01,t0144,BESS_01,vEleReserveCons_Down_TR,2024-09-22 11:29:00,0.0
period1,sc01,t0144,BESS_01,vEleReserveProd_Up_SR,2024-09-22 11:29:00,0.0
period1,sc01,t0144,BESS_01,vEleReserveProd_Up_TR,2024-09-22 11:29:00,0.0
period1,sc01,t0144,BESS_01,vEleReserveProd_Down_SR,2024-09-22 11:29:00,0.0
period1,sc01,t0144,BESS_01,vEleReserveProd_Down_TR,2024-09-22 11:29:00,0.0
period1,sc01,t0145,BESS_01,vEleReserveCons_Up_SR,2024-09-22 12:29:00,0.0
period1,sc01,t0145,BESS_01,vEleReserveCons_Up_TR,2024-09-22 12:29:00,0.0
period1,sc01,t0145,BESS_01,vEleReserveCons_Down_SR,2024-09-22 12:29:00,0.0
period1,sc01,t0145,BESS_01,vEleReserveCons_Down_TR,2024-09-22 12:29:00,0.0
period1,sc01,t0145,BESS_01,vEleReserveProd_Up_SR,2024-09-22 12:29:00,0.0
period1,sc01,t0145,BESS_01,vEleReserveProd_Up_TR,2024-09-22 12:29:00,0.0
period1,sc01,t0145,BESS_01,vEleReserveProd_Down_SR,2024-09-22 12:29:00,0.0
period1,sc01,t0145,BESS_01,vEleReserveProd_Down_TR,2024-09-22 12:29:00,0.0
period1,sc01,t0146,BESS_01,vEleReserveCons_Up_SR,2024-09-22 13:29:00,0.0
period1,sc01,t0146,BESS_01,vEleReserveCons_Up_TR,2024-09-22 13:29:00,0.0
period1,sc01,t0146,BESS_01,vEleReserveCons_Down_SR,2024-09-22 13:29:00,0.0
period1,sc01,t0146,BESS_01,vEleReserveCons_Down_TR,2024-09-22 13:29:00,0.0
period1,sc01,t0146,BESS_01,vEleReserveProd_Up_SR,2024-09-22 13:29:00,0.0
period1,sc01,t0146,BESS_01,vEleReserveProd_Up_TR,2024-09-22 13:29:00,0.0
period1,sc01,t0146,BESS_01,vEleReserveProd_Down_SR,2024-09-22 13:29:00,0.0
period1,sc01,t0146,BESS_01,vEleReserveProd_Down_TR,2024-09-22 13:29:00,0.0
period1,sc01,t0147,BESS_01,vEleReserveCons_Up_SR,2024-09-22 14:29:00,0.0
period1,sc01,t0147,BESS_01,vEleReserveCons_Up_TR,2024-09-22 14:29:00,0.0
period1,sc01,t0147,BESS_01,vEleReserveCons_Down_SR,2024-09-22 14:29:00,0.0
period1,sc01,t0147,BESS_01,vEleReserveCons_Down_TR,2024-09-22 14:29:00,0.0
period1,sc01,t0147,BESS_01,vEleReserveProd_Up_SR,2024-09-22 14:29:00,0.0
period1,sc01,t0147,BESS_01,vEleReserveProd_Up_TR,2024-09-22 14:29:00,0.0
period1,sc01,t0147,BESS_01,vEleReserveProd_Down_SR,2024-09-22 14:29:00,0.0
period1,sc01,t0147,BESS_01,vEleReserveProd_Down_TR,2024-09-22 14:29:00,0.0
period1,sc01,t0148,BESS_01,vEleReserveCons_Up_SR,2024-09-22 15:29:00,0.0
period1,sc01,t0148,BESS_01,vEleReserveCons_Up_TR,2024-09-22 15:29:00,0.0
period1,sc01,t0148,BESS_01,vEleReserveCons_Down_SR,2024-09-22 15:29:00,0.0
period1,sc01,t0148,BESS_01,vEleReserveCons_Down_TR,2024-09-22 15:29:00,0.0
period1,sc01,t0148,BESS_01,vEleReserveProd_Up_SR,2024-09-22 15:29:00,0.0
period1,sc01,t0148,BESS_01,vEleReserveProd_Up_TR,2024-09-22 15:29:00,0.0
period1,sc01,t0148,BESS_01,vEleReserveProd_Down_SR,2024-09-22 15:29:00,0.0
period1,sc01,t0148,BESS_01,vEleReserveProd_Down_TR,2024-09-22 15:29:00,0.0
period1,sc01,t0149,BESS_01,vEleReserveCons_Up_SR,2024-09-22 16:29:00,0.0
period1,sc01,t0149,BESS_01,vEleReserveCons_Up_TR,2024-09-22 16:29:00,0.0
period1,sc01,t0149,BESS_01,vEleReserveCons_Down_SR,2024-09-22 16:29:00,0.0
period1,sc01,t0149,BESS_01,vEleReserveCons_Down_TR,2024-09-22 16:29:00,0.0
period1,sc01,t0149,BESS_01,vEleReserveProd_Up_SR,2024-09-22 16:29:00,0.0
period1,sc01,t0149,BESS_01,vEleReserveProd_Up_TR,2024-09-22 16:29:00,0.0
period1,sc01,t0149,BESS_01,vEleReserveProd_Down_SR,2024-09-22 16:29:00,0.0
period1,sc01,t0149,BESS_01,vEleReserveProd_Down_TR,2024-09-22 16:29:00,0.0
period1,sc01,t0150,BESS_01,vEleReserveCons_Up_SR,2024-09-22 17:29:00,0.0
period1,sc01,t0150,BESS_01,vEleReserveCons_Up_TR,2024-09-22 17:29:00,0.0
period1,sc01,t0150,BESS_01,vEleReserveCons_Down_SR,2024-09-22 17:29:00,0.0
period1,sc01,t0150,BESS_01,vEleReserveCons_Down_TR,2024-09-22 17:29:00,0.0
period1,sc01,t0150,BESS_01,vEleReserveProd_Up_SR,2024-09-22 17:29:00,0.0
period1,sc01,t0150,BESS_01,vEleReserveProd_Up_TR,2024-09-22 17:29:00,0.0
period1,sc01,t0150,BESS_01,vEleReserveProd_Down_SR,2024-09-22 17:29:00,0.0
period1,sc01,t0150,BESS_01,vEleReserveProd_Down_TR,2024-09-22 17:29:00,0.0
period1,sc01,t0151,BESS_01,vEleReserveCons_Up_SR,2024-09-22 18:29:00,0.0
period1,sc01,t0151,BESS_01,vEleReserveCons_Up_TR,2024-09-22 18:29:00,0.0
period1,sc01,t0151,BESS_01,vEleReserveCons_Down_SR,2024-09-22 18:29:00,0.0
period1,sc01,t0151,BESS_01,vEleReserveCons_Down_TR,2024-09-22 18:29:00,0.0
period1,sc01,t0151,BESS_01,vEleReserveProd_Up_SR,2024-09-22 18:29:00,0.0
period1,sc01,t0151,BESS_01,vEleReserveProd_Up_TR,2024-09-22 18:29:00,0.0
period1,sc01,t0151,BESS_01,vEleReserveProd_Down_SR,2024-09-22 18:29:00,0.0
period1,sc01,t0151,BESS_01,vEleReserveProd_Down_TR,2024-09-22 18:29:00,0.0
period1,sc01,t0152,BESS_01,vEleReserveCons_Up_SR,2024-09-22 19:29:00,0.0
period1,sc01,t0152,BESS_01,vEleReserveCons_Up_TR,2024-09-22 19:29:00,0.0
period1,sc01,t0152,BESS_01,vEleReserveCons_Down_SR,2024-09-22 19:29:00,0.0
period1,sc01,t0152,BESS_01,vEleReserveCons_Down_TR,2024-09-22 19:29:00,0.0
period1,sc01,t0152,BESS_01,vEleReserveProd_Up_SR,2024-09-22 19:29:00,0.0
period1,sc01,t0152,BESS_01,vEleReserveProd_Up_TR,2024-09-22 19:29:00,0.0
period1,sc01,t0152,BESS_01,vEleReserveProd_Down_SR,2024-09-22 19:29:00,0.0
period1,sc01,t0152,BESS_01,vEleReserveProd_Down_TR,2024-09-22 19:29:00,0.0
period1,sc01,t0153,BESS_01,vEleReserveCons_Up_SR,2024-09-22 20:29:00,0.0
period1,sc01,t0153,BESS_01,vEleReserveCons_Up_TR,2024-09-22 20:29:00,0.0
period1,sc01,t0153,BESS_01,vEleReserveCons_Down_SR,2024-09-22 20:29:00,0.0
period1,sc01,t0153,BESS_01,vEleReserveCons_Down_TR,2024-09-22 20:29:00,0.0
period1,sc01,t0153,BESS_01,vEleReserveProd_Up_SR,2024-09-22 20:29:00,0.0
period1,sc01,t0153,BESS_01,vEleReserveProd_Up_TR,2024-09-22 20:29:00,0.0
period1,sc01,t0153,BESS_01,vEleReserveProd_Down_SR,2024-09-22 20:29:00,0.0
period1,sc01,t0153,BESS_01,vEleReserveProd_Down_TR,2024-09-22 20:29:00,0.0
period1,sc01,t0154,BESS_01,vEleReserveCons_Up_SR,2024-09-22 21:29:00,0.0
period1,sc01,t0154,BESS_01,vEleReserveCons_Up_TR,2024-09-22 21:29:00,0.0
period1,sc01,t0154,BESS_01,vEleReserveCons_Down_SR,2024-09-22 21:29:00,0.0
period1,sc01,t0154,BESS_01,vEleReserveCons_Down_TR,2024-09-22 21:29:00,0.0
period1,sc01,t0154,BESS_01,vEleReserveProd_Up_SR,2024-09-22 21:29:00,0.0
period1,sc01,t0154,BESS_01,vEleReserveProd_Up_TR,2024-09-22 21:29:00,0.0
period1,sc01,t0154,BESS_01,vEleReserveProd_Down_SR,2024-09-22 21:29:00,0.0
period1,sc01,t0154,BESS_01,vEleReserveProd_Down_TR,2024-09-22 21:29:00,0.0
period1,sc01,t0155,BESS_01,vEleReserveCons_Up_SR,2024-09-22 22:29:00,0.0
period1,sc01,t0155,BESS_01,vEleReserveCons_Up_TR,2024-09-22 22:29:00,0.0
period1,sc01,t0155,BESS_01,vEleReserveCons_Down_SR,2024-09-22 22:29:00,0.0
period1,sc01,t0155,BESS_01,vEleReserveCons_Down_TR,2024-09-22 22:29:00,0.0
period1,sc01,t0155,BESS_01,vEleReserveProd_Up_SR,2024-09-22 22:29:00,0.0
period1,sc01,t0155,BESS_01,vEleReserveProd_Up_TR,2024-09-22 22:29:00,0.0
period1,sc01,t0155,BESS_01,vEleReserveProd_Down_SR,2024-09-22 22:29:00,0.0
period1,sc01,t0155,BESS_01,vEleReserveProd_Down_TR,2024-09-22 22:29:00,0.0
period1,sc01,t0156,BESS_01,vEleReserveCons_Up_SR,2024-09-22 23:29:00,0.0
period1,sc01,t0156,BESS_01,vEleReserveCons_Up_TR,2024-09-22 23:29:00,0.0
period1,sc01,t0156,BESS_01,vEleReserveCons_Down_SR,2024-09-22 23:29:00,0.0
period1,sc01,t0156,BESS_01,vEleReserveCons_Down_TR,2024-09-22 23:29:00,0.0
period1,sc01,t0156,BESS_01,vEleReserveProd_Up_SR,2024-09-22 23:29:00,0.0
period1,sc01,t0156,BESS_01,vEleReserveProd_Up_TR,2024-09-22 23:29:00,0.0
period1,sc01,t0156,BESS_01,vEleReserveProd_Down_SR,2024-09-22 23:29:00,0.0
period1,sc01,t0156,BESS_01,vEleReserveProd_Down_TR,2024-09-22 23:29:00,0.0
period1,sc01,t0157,BESS_01,vEleReserveCons_Up_SR,2024-09-23 00:29:00,0.0
period1,sc01,t0157,BESS_01,vEleReserveCons_Up_TR,2024-09-23 00:29:00,0.0
period1,sc01,t0157,BESS_01,vEleReserveCons_Down_SR,2024-09-23 00:29:00,0.0
period1,sc01,t0157,BESS_01,vEleReserveCons_Down_TR,2024-09-23 00:29:00,0.0
period1,sc01,t0157,BESS_01,vEleReserveProd_Up_SR,2024-09-23 00:29:00,0.0
period1,sc01,t0157,BESS_01,vEleReserveProd_Up_TR,2024-09-23 00:29:00,0.0
period1,sc01,t0157,BESS_01,vEleReserveProd_Down_SR,2024-09-23 00:29:00,0.0
period1,sc01,t0157,BESS_01,vEleReserveProd_Down_TR,2024-09-23 00:29:00,0.0
period1,sc01,t0158,BESS_01,vEleReserveCons_Up_SR,2024-09-23 01:29:00,0.0
period1,sc01,t0158,BESS_01,vEleReserveCons_Up_TR,2024-09-23 01:29:00,0.0
period1,sc01,t0158,BESS_01,vEleReserveCons_Down_SR,2024-09-23 01:29:00,0.0
period1,sc01,t0158,BESS_01,vEleReserveCons_Down_TR,2024-09-23 01:29:00,0.0
period1,sc01,t0158,BESS_01,vEleReserveProd_Up_SR,2024-09-23 01:29:00,0.0
period1,sc01,t0158,BESS_01,vEleReserveProd_Up_TR,2024-09-23 01:29:00,0.0
period1,sc01,t0158,BESS_01,vEleReserveProd_Down_SR,2024-09-23 01:29:00,0.0
period1,sc01,t0158,BESS_01,vEleReserveProd_Down_TR,2024-09-23 01:29:00,0.0
period1,sc01,t0159,BESS_01,vEleReserveCons_Up_SR,2024-09-23 02:29:00,0.0
period1,sc01,t0159,BESS_01,vEleReserveCons_Up_TR,2024-09-23 02:29:00,0.0
period1,sc01,t0159,BESS_01,vEleReserveCons_Down_SR,2024-09-23 02:29:00,0.0
period1,sc01,t0159,BESS_01,vEleReserveCons_Down_TR,2024-09-23 02:29:00,0.0
period1,sc01,t0159,BESS_01,vEleReserveProd_Up_SR,2024-09-23 02:29:00,0.0
period1,sc01,t0159,BESS_01,vEleReserveProd_Up_TR,2024-09-23 02:29:00,0.0
period1,sc01,t0159,BESS_01,vEleReserveProd_Down_SR,2024-09-23 02:29:00,0.0
period1,sc01,t0159,BESS_01,vEleReserveProd_Down_TR,2024-09-23 02:29:00,0.0
period1,sc01,t0160,BESS_01,vEleReserveCons_Up_SR,2024-09-23 03:29:00,0.0
period1,sc01,t0160,BESS_01,vEleReserveCons_Up_TR,2024-09-23 03:29:00,0.0
period1,sc01,t0160,BESS_01,vEleReserveCons_Down_SR,2024-09-23 03:29:00,0.0
period1,sc01,t0160,BESS_01,vEleReserveCons_Down_TR,2024-09-23 03:29:00,0.0
period1,sc01,t0160,BESS_01,vEleReserveProd_Up_SR,2024-09-23 03:29:00,0.0
period1,sc01,t0160,BESS_01,vEleReserveProd_Up_TR,2024-09-23 03:29:00,0.0
period1,sc01,t0160,BESS_01,vEleReserveProd_Down_SR,2024-09-23 03:29:00,0.0
period1,sc01,t0160,BESS_01,vEleReserveProd_Down_TR,2024-09-23 03:29:00,0.0
period1,sc01,t0161,BESS_01,vEleReserveCons_Up_SR,2024-09-23 04:29:00,0.0
period1,sc01,t0161,BESS_01,vEleReserveCons_Up_TR,2024-09-23 04:29:00,0.0
period1,sc01,t0161,BESS_01,vEleReserveCons_Down_SR,2024-09-23 04:29:00,0.0
period1,sc01,t0161,BESS_01,vEleReserveCons_Down_TR,2024-09-23 04:29:00,0.0
period1,sc01,t0161,BESS_01,vEleReserveProd_Up_SR,2024-09-23 04:29:00,0.0
period1,sc01,t0161,BESS_01,vEleReserveProd_Up_TR,2024-09-23 04:29:00,0.0
period1,sc01,t0161,BESS_01,vEleReserveProd_Down_SR,2024-09-23 04:29:00,0.0
period1,sc01,t0161,BESS_01,vEleReserveProd_Down_TR,2024-09-23 04:29:00,0.0
period1,sc01,t0162,BESS_01,vEleReserveCons_Up_SR,2024-09-23 05:29:00,0.0
period1,sc01,t0162,BESS_01,vEleReserveCons_Up_TR,2024-09-23 05:29:00,0.0
period1,sc01,t0162,BESS_01,vEleReserveCons_Down_SR,2024-09-23 05:29:00,0.0
period1,sc01,t0162,BESS_01,vEleReserveCons_Down_TR,2024-09-23 05:29:00,0.0
period1,sc01,t0162,BESS_01,vEleReserveProd_Up_SR,2024-09-23 05:29:00,0.0
period1,sc01,t0162,BESS_01,vEleReserveProd_Up_TR,2024-09-23 05:29:00,0.0
period1,sc01,t0162,BESS_01,vEleReserveProd_Down_SR,2024-09-23 05:29:00,0.0
period1,sc01,t0162,BESS_01,vEleReserveProd_Down_TR,2024-09-23 05:29:00,0.0
period1,sc01,t0163,BESS_01,vEleReserveCons_Up_SR,2024-09-23 06:29:00,0.0
period1,sc01,t0163,BESS_01,vEleReserveCons_Up_TR,2024-09-23 06:29:00,0.0
period1,sc01,t0163,BESS_01,vEleReserveCons_Down_SR,2024-09-23 06:29:00,0.0
period1,sc01,t0163,BESS_01,vEleReserveCons_Down_TR,2024-09-23 06:29:00,0.0
period1,sc01,t0163,BESS_01,vEleReserveProd_Up_SR,2024-09-23 06:29:00,0.0
period1,sc01,t0163,BESS_01,vEleReserveProd_Up_TR,2024-09-23 06:29:00,0.0
period1,sc01,t0163,BESS_01,vEleReserveProd_Down_SR,2024-09-23 06:29:00,0.0
period1,sc01,t0163,BESS_01,vEleReserveProd_Down_TR,2024-09-23 06:29:00,0.0
period1,sc01,t0164,BESS_01,vEleReserveCons_Up_SR,2024-09-23 07:29:00,0.0
period1,sc01,t0164,BESS_01,vEleReserveCons_Up_TR,2024-09-23 07:29:00,0.0
period1,sc01,t0164,BESS_01,vEleReserveCons_Down_SR,2024-09-23 07:29:00,0.0
period1,sc01,t0164,BESS_01,vEleReserveCons_Down_TR,2024-09-23 07:29:00,0.0
period1,sc01,t0164,BESS_01,vEleReserveProd_Up_SR,2024-09-23 07:29:00,0.0
period1,sc01,t0164,BESS_01,vEleReserveProd_Up_TR,2024-09-23 07:29:00,0.0
period1,sc01,t0164,BESS_01,vEleReserveProd_Down_SR,2024-09-23 07:29:00,0.0
period1,sc01,t0164,BESS_01,vEleReserveProd_Down_TR,2024-09-23 07:29:00,0.0
period1,sc01,t0165,BESS_01,vEleReserveCons_Up_SR,2024-09-23 08:29:00,0.0
period1,sc01,t0165,BESS_01,vEleReserveCons_Up_TR,2024-09-23 08:29:00,0.0
period1,sc01,t0165,BESS_01,vEleReserveCons_Down_SR,2024-09-23 08:29:00,0.0
period1,sc01,t0165,BESS_01,vEleReserveCons_Down_TR,2024-09-23 08:29:00,0.0
period1,sc01,t0165,BESS_01,vEleReserveProd_Up_SR,2024-09-23 08:29:00,0.0
period1,sc01,t0165,BESS_01,vEleReserveProd_Up_TR,2024-09-23 08:29:00,0.0
period1,sc01,t0165,BESS_01,vEleReserveProd_Down_SR,2024-09-23 08:29:00,0.0
period1,sc01,t0165,BESS_01,vEleReserveProd_Down_TR,2024-09-23 08:29:00,0.0
period1,sc01,t0166,BESS_01,vEleReserveCons_Up_SR,2024-09-23 09:29:00,0.0
period1,sc01,t0166,BESS_01,vEleReserveCons_Up_TR,2024-09-23 09:29:00,0.0
period1,sc01,t0166,BESS_01,vEleReserveCons_Down_SR,2024-09-23 09:29:00,0.0
period1,sc01,t0166,BESS_01,vEleReserveCons_Down_TR,2024-09-23 09:29:00,0.0
period1,sc01,t0166,BESS_01,vEleReserveProd_Up_SR,2024-09-23 09:29:00,0.0
period1,sc01,t0166,BESS_01,vEleReserveProd_Up_TR,2024-09-23 09:29:00,0.0
period1,sc01,t0166,BESS_01,vEleReserveProd_Down_SR,2024-09-23 09:29:00,0.0
period1,sc01,t0166,BESS_01,vEleReserveProd_Down_TR,2024-09-23 09:29:00,0.0
period1,sc01,t0167,BESS_01,vEleReserveCons_Up_SR,2024-09-23 10:29:00,0.0
period1,sc01,t0167,BESS_01,vEleReserveCons_Up_TR,2024-09-23 10:29:00,0.0
period1,sc01,t0167,BESS_01,vEleReserveCons_Down_SR,2024-09-23 10:29:00,0.0
period1,sc01,t0167,BESS_01,vEleReserveCons_Down_TR,2024-09-23 10:29:00,0.0
period1,sc01,t0167,BESS_01,vEleReserveProd_Up_SR,2024-09-23 10:29:00,0.0
period1,sc01,t0167,BESS_01,vEleReserveProd_Up_TR,2024-09-23 10:29:00,0.0
period1,sc01,t0167,BESS_01,vEleReserveProd_Down_SR,2024-09-23 10:29:00,0.0
period1,sc01,t0167,BESS_01,vEleReserveProd_Down_TR,2024-09-23 10:29:00,0.0
period1,sc01,t0168,BESS_01,vEleReserveCons_Up_SR,2024-09-23 11:29:00,0.0
period1,sc01,t0168,BESS_01,vEleReserveCons_Up_TR,2024-09-23 11:29:00,0.0
period1,sc01,t0168,BESS_01,vEleReserveCons_Down_SR,2024-09-23 11:29:00,0.0
period1,sc01,t0168,BESS_01,vEleReserveCons_Down_TR,2024-09-23 11:29:00,0.0
period1,sc01,t0168,BESS_01,vEleReserveProd_Up_SR,2024-09-23 11:29:00,0.0
period1,sc01,t0168,BESS_01,vEleReserveProd_Up_TR,2024-09-23 11:29:00,0.0
period1,sc01,t0168,BESS_01,vEleReserveProd_Down_SR,2024-09-23 11:29:00,0.0
period1,sc01,t0168,BESS_01,vEleReserveProd_Down_TR,2024-09-23 11:29:00,0.0
